date,gasoline_price_jpy_l,kerosene_price_jpy_18l,premium_price_jpy_l
1990-08-27,121.0,801.0,139.0
1990-09-03,121.0,805.0,139.0
1990-09-10,122.0,813.0,139.0
1990-09-17,124.0,849.0,141.0
1990-09-25,133.0,1014.0,149.0
1990-10-01,133.0,1018.0,149.0
1990-10-08,133.0,1019.0,149.0
1990-10-15,133.0,1023.0,149.0
1990-10-22,138.0,1105.0,154.0
1990-10-29,138.0,1108.0,154.0
1990-11-05,138.0,1109.0,154.0
1990-11-13,138.0,1108.0,154.0
1990-11-19,138.0,1109.0,154.0
1990-11-26,138.0,1108.0,154.0
1990-12-03,138.0,1107.0,154.0
1990-12-10,138.0,1106.0,154.0
1990-12-17,136.0,1080.0,152.0
1990-12-25,135.0,1056.0,151.0
1991-01-07,134.0,1055.0,151.0
1991-01-14,134.0,1054.0,151.0
1991-01-21,132.0,1010.0,148.0
1991-01-28,132.0,1006.0,148.0
1991-02-04,131.0,1005.0,148.0
1991-02-12,131.0,1005.0,148.0
1991-02-18,130.0,981.0,146.0
1991-02-25,129.0,955.0,145.0
1991-03-04,128.0,953.0,145.0
1991-03-11,128.0,952.0,145.0
1991-03-18,127.0,931.0,144.0
1991-03-25,126.0,907.0,142.0
1991-04-01,126.0,915.0,142.0
1991-04-08,126.0,917.0,143.0
1991-04-15,126.0,917.0,143.0
1991-04-22,126.0,917.0,143.0
1991-04-30,126.0,917.0,142.0
1991-05-07,126.0,915.0,142.0
1991-05-13,126.0,914.0,142.0
1991-05-20,126.0,914.0,142.0
1991-05-27,126.0,914.0,142.0
1991-06-03,126.0,913.0,142.0
1991-06-10,126.0,913.0,142.0
1991-06-17,126.0,913.0,142.0
1991-06-24,126.0,914.0,142.0
1991-07-01,125.0,914.0,142.0
1991-07-08,125.0,914.0,142.0
1991-07-15,125.0,914.0,142.0
1991-07-22,125.0,914.0,142.0
1991-07-29,125.0,913.0,142.0
1991-08-05,125.0,913.0,142.0
1991-08-12,125.0,913.0,142.0
1991-08-19,125.0,914.0,142.0
1991-08-26,125.0,914.0,142.0
1991-09-02,125.0,914.0,142.0
1991-09-09,125.0,914.0,142.0
1991-09-17,125.0,915.0,142.0
1991-09-24,125.0,916.0,142.0
1991-09-30,125.0,917.0,142.0
1991-10-07,125.0,918.0,142.0
1991-10-14,125.0,919.0,142.0
1991-10-21,125.0,922.0,142.0
1991-10-28,125.0,923.0,142.0
1991-11-05,126.0,929.0,142.0
1991-11-11,126.0,931.0,142.0
1991-11-18,126.0,933.0,142.0
1991-11-25,126.0,935.0,142.0
1991-12-02,126.0,937.0,142.0
1991-12-09,126.0,937.0,142.0
1991-12-16,126.0,937.0,142.0
1991-12-24,126.0,937.0,142.0
1992-01-06,126.0,937.0,142.0
1992-01-13,126.0,937.0,142.0
1992-01-20,125.0,929.0,142.0
1992-01-27,125.0,917.0,141.0
1992-02-03,124.0,913.0,141.0
1992-02-10,124.0,911.0,141.0
1992-02-17,124.0,910.0,141.0
1992-02-24,124.0,908.0,141.0
1992-03-02,124.0,908.0,140.0
1992-03-09,124.0,907.0,140.0
1992-03-16,124.0,907.0,140.0
1992-03-23,124.0,907.0,140.0
1992-03-30,124.0,906.0,140.0
1992-04-01,123.0,898.0,140.0
1992-04-06,123.0,897.0,139.0
1992-04-13,123.0,896.0,139.0
1992-04-20,123.0,896.0,139.0
1992-04-27,123.0,896.0,139.0
1992-05-06,122.0,895.0,139.0
1992-05-11,122.0,895.0,139.0
1992-05-18,122.0,895.0,139.0
1992-05-25,122.0,895.0,139.0
1992-06-01,122.0,896.0,139.0
1992-06-08,122.0,896.0,139.0
1992-06-15,122.0,896.0,139.0
1992-06-22,122.0,896.0,139.0
1992-06-29,122.0,896.0,139.0
1992-07-06,122.0,896.0,139.0
1992-07-13,122.0,896.0,139.0
1992-07-20,122.0,897.0,139.0
1992-07-27,122.0,898.0,139.0
1992-08-03,122.0,900.0,139.0
1992-08-10,123.0,901.0,139.0
1992-08-17,123.0,901.0,139.0
1992-08-24,123.0,901.0,139.0
1992-08-31,123.0,902.0,139.0
1992-09-07,124.0,912.0,140.0
1992-09-14,124.0,914.0,140.0
1992-09-21,124.0,919.0,141.0
1992-09-28,125.0,920.0,141.0
1992-10-05,125.0,923.0,141.0
1992-10-12,125.0,924.0,141.0
1992-10-19,125.0,924.0,141.0
1992-10-26,125.0,926.0,141.0
1992-11-02,125.0,927.0,141.0
1992-11-09,125.0,927.0,141.0
1992-11-16,125.0,927.0,141.0
1992-11-24,125.0,927.0,141.0
1992-11-30,125.0,927.0,141.0
1992-12-07,125.0,927.0,141.0
1992-12-14,125.0,927.0,141.0
1992-12-21,125.0,927.0,141.0
1993-01-04,125.0,927.0,141.0
1993-01-11,125.0,927.0,141.0
1993-01-18,125.0,927.0,141.0
1993-01-25,125.0,926.0,141.0
1993-02-01,125.0,926.0,141.0
1993-02-08,125.0,926.0,141.0
1993-02-15,125.0,925.0,141.0
1993-02-22,125.0,925.0,141.0
1993-03-01,125.0,924.0,141.0
1993-03-08,125.0,924.0,141.0
1993-03-15,125.0,923.0,141.0
1993-03-22,125.0,923.0,141.0
1993-03-29,125.0,923.0,141.0
1993-04-05,125.0,922.0,141.0
1993-04-12,125.0,921.0,141.0
1993-04-19,125.0,922.0,141.0
1993-04-26,125.0,922.0,141.0
1993-05-10,125.0,922.0,141.0
1993-05-17,125.0,921.0,141.0
1993-05-24,124.0,921.0,141.0
1993-05-31,124.0,920.0,141.0
1993-06-07,124.0,920.0,141.0
1993-06-14,124.0,919.0,141.0
1993-06-21,124.0,919.0,140.0
1993-06-28,124.0,918.0,140.0
1993-07-05,124.0,917.0,140.0
1993-07-12,124.0,917.0,140.0
1993-07-19,124.0,917.0,140.0
1993-07-26,124.0,916.0,140.0
1993-08-02,124.0,916.0,140.0
1993-08-09,124.0,916.0,140.0
1993-08-16,124.0,915.0,140.0
1993-08-23,124.0,915.0,140.0
1993-08-30,124.0,915.0,140.0
1993-09-06,123.0,915.0,140.0
1993-09-13,123.0,914.0,140.0
1993-09-20,123.0,914.0,140.0
1993-09-27,123.0,913.0,140.0
1993-10-04,123.0,911.0,140.0
1993-10-12,123.0,910.0,140.0
1993-10-18,123.0,909.0,139.0
1993-10-25,122.0,907.0,139.0
1993-11-01,123.0,905.0,139.0
1993-11-08,123.0,903.0,139.0
1993-11-15,123.0,902.0,139.0
1993-11-22,123.0,900.0,139.0
1993-11-29,123.0,899.0,139.0
1993-12-01,123.0,897.0,139.0
1993-12-06,123.0,897.0,139.0
1993-12-13,122.0,895.0,139.0
1993-12-20,122.0,894.0,139.0
1994-01-05,122.0,892.0,139.0
1994-01-10,122.0,891.0,139.0
1994-01-17,122.0,891.0,139.0
1994-01-24,122.0,889.0,139.0
1994-01-31,122.0,889.0,139.0
1994-02-07,122.0,887.0,139.0
1994-02-14,122.0,887.0,139.0
1994-02-21,122.0,886.0,139.0
1994-02-28,122.0,886.0,139.0
1994-03-07,122.0,885.0,138.0
1994-03-14,122.0,885.0,138.0
1994-03-22,122.0,884.0,138.0
1994-03-28,122.0,884.0,138.0
1994-04-04,122.0,884.0,138.0
1994-04-11,122.0,883.0,138.0
1994-04-18,122.0,883.0,138.0
1994-04-25,122.0,883.0,138.0
1994-05-09,121.0,882.0,138.0
1994-05-16,121.0,882.0,138.0
1994-05-23,121.0,882.0,138.0
1994-05-30,121.0,882.0,138.0
1994-06-06,121.0,882.0,138.0
1994-06-13,121.0,881.0,138.0
1994-06-20,121.0,882.0,138.0
1994-06-27,121.0,881.0,138.0
1994-07-04,121.0,881.0,138.0
1994-07-11,121.0,881.0,138.0
1994-07-18,121.0,881.0,138.0
1994-07-25,121.0,881.0,137.0
1994-08-01,121.0,881.0,137.0
1994-08-08,121.0,881.0,137.0
1994-08-15,120.0,881.0,137.0
1994-08-22,120.0,881.0,137.0
1994-08-29,120.0,881.0,137.0
1994-09-05,120.0,880.0,137.0
1994-09-12,120.0,880.0,137.0
1994-09-19,120.0,880.0,137.0
1994-09-26,120.0,880.0,137.0
1994-10-03,120.0,880.0,137.0
1994-10-11,120.0,880.0,137.0
1994-10-17,120.0,879.0,137.0
1994-10-24,120.0,879.0,137.0
1994-10-31,120.0,878.0,137.0
1994-11-07,120.0,877.0,137.0
1994-11-14,120.0,874.0,137.0
1994-11-21,120.0,871.0,137.0
1994-11-28,120.0,869.0,137.0
1994-12-05,120.0,867.0,137.0
1994-12-12,120.0,865.0,137.0
1994-12-19,119.0,862.0,136.0
1994-12-26,119.0,861.0,136.0
1995-01-09,119.0,859.0,136.0
1995-01-17,119.0,856.0,136.0
1995-01-23,119.0,856.0,136.0
1995-01-30,119.0,854.0,136.0
1995-02-06,118.0,853.0,136.0
1995-02-13,118.0,851.0,136.0
1995-02-20,118.0,851.0,136.0
1995-02-27,118.0,850.0,135.0
1995-03-06,118.0,849.0,136.0
1995-03-13,118.0,848.0,135.0
1995-03-20,118.0,848.0,135.0
1995-03-27,118.0,848.0,135.0
1995-04-03,117.0,847.0,135.0
1995-04-10,117.0,846.0,135.0
1995-04-17,117.0,846.0,135.0
1995-04-24,117.0,846.0,135.0
1995-05-08,116.0,844.0,134.0
1995-05-15,116.0,843.0,134.0
1995-05-22,116.0,842.0,134.0
1995-05-29,116.0,841.0,134.0
1995-06-05,116.0,841.0,133.0
1995-06-12,116.0,840.0,133.0
1995-06-19,115.0,840.0,133.0
1995-06-26,115.0,838.0,133.0
1995-07-03,115.0,836.0,133.0
1995-07-10,115.0,836.0,132.0
1995-07-17,115.0,836.0,132.0
1995-07-24,114.0,835.0,132.0
1995-07-31,114.0,835.0,132.0
1995-08-07,114.0,835.0,132.0
1995-08-14,114.0,836.0,132.0
1995-08-21,114.0,835.0,132.0
1995-08-28,114.0,834.0,132.0
1995-09-04,114.0,834.0,131.0
1995-09-11,114.0,834.0,131.0
1995-09-18,114.0,833.0,131.0
1995-09-25,114.0,833.0,131.0
1995-10-02,113.0,832.0,131.0
1995-10-09,113.0,833.0,131.0
1995-10-16,113.0,832.0,131.0
1995-10-23,113.0,831.0,131.0
1995-10-30,113.0,831.0,131.0
1995-11-06,113.0,829.0,131.0
1995-11-13,113.0,826.0,131.0
1995-11-20,113.0,824.0,131.0
1995-11-27,113.0,823.0,131.0
1995-12-04,112.0,819.0,130.0
1995-12-11,112.0,817.0,130.0
1995-12-18,112.0,815.0,130.0
1995-12-25,112.0,814.0,130.0
1996-01-08,112.0,813.0,130.0
1996-01-16,112.0,813.0,130.0
1996-01-22,111.0,812.0,129.0
1996-01-29,111.0,812.0,129.0
1996-02-05,111.0,814.0,129.0
1996-02-13,111.0,814.0,129.0
1996-02-19,111.0,814.0,129.0
1996-02-26,110.0,814.0,128.0
1996-03-04,110.0,816.0,128.0
1996-03-11,110.0,817.0,128.0
1996-03-18,109.0,817.0,127.0
1996-03-25,109.0,818.0,127.0
1996-04-01,108.0,840.0,125.0
1996-04-08,107.0,845.0,124.0
1996-04-15,107.0,848.0,124.0
1996-04-22,107.0,850.0,124.0
1996-04-30,107.0,850.0,124.0
1996-05-07,107.0,852.0,124.0
1996-05-13,107.0,852.0,124.0
1996-05-20,107.0,853.0,124.0
1996-05-27,107.0,853.0,124.0
1996-06-03,107.0,854.0,124.0
1996-06-10,107.0,854.0,124.0
1996-06-17,107.0,855.0,124.0
1996-06-24,107.0,855.0,124.0
1996-07-01,107.0,855.0,124.0
1996-07-08,107.0,856.0,124.0
1996-07-15,107.0,856.0,123.0
1996-07-22,107.0,856.0,123.0
1996-07-29,106.0,856.0,123.0
1996-08-05,106.0,856.0,123.0
1996-08-12,106.0,856.0,123.0
1996-08-19,106.0,856.0,123.0
1996-08-26,106.0,856.0,123.0
1996-09-02,106.0,857.0,123.0
1996-09-09,106.0,857.0,123.0
1996-09-17,106.0,857.0,122.0
1996-09-24,106.0,858.0,122.0
1996-09-30,106.0,858.0,122.0
1996-10-07,106.0,859.0,122.0
1996-10-14,105.0,860.0,122.0
1996-10-21,106.0,860.0,122.0
1996-10-28,105.0,861.0,122.0
1996-11-05,106.0,872.0,122.0
1996-11-11,106.0,878.0,122.0
1996-11-18,106.0,881.0,122.0
1996-11-25,106.0,884.0,122.0
1996-12-02,106.0,889.0,123.0
1996-12-09,106.0,893.0,123.0
1996-12-16,107.0,896.0,123.0
1996-12-24,107.0,901.0,123.0
1997-01-06,107.0,903.0,123.0
1997-01-13,107.0,903.0,123.0
1997-01-20,107.0,903.0,123.0
1997-01-27,107.0,904.0,123.0
1997-02-03,107.0,906.0,123.0
1997-02-10,107.0,907.0,123.0
1997-02-17,107.0,908.0,123.0
1997-02-24,107.0,908.0,123.0
1997-03-03,107.0,910.0,123.0
1997-03-10,107.0,910.0,123.0
1997-03-17,107.0,910.0,123.0
1997-03-24,107.0,910.0,123.0
1997-03-31,107.0,910.0,123.0
1997-04-07,106.0,910.0,122.0
1997-04-14,107.0,910.0,122.0
1997-04-21,106.0,910.0,122.0
1997-04-28,106.0,910.0,122.0
1997-05-06,106.0,910.0,122.0
1997-05-12,106.0,909.0,122.0
1997-05-19,106.0,910.0,122.0
1997-05-26,105.0,909.0,121.0
1997-06-02,105.0,909.0,121.0
1997-06-09,104.0,909.0,120.0
1997-06-16,104.0,908.0,120.0
1997-06-23,104.0,908.0,120.0
1997-06-30,104.0,908.0,120.0
1997-07-07,104.0,908.0,120.0
1997-07-14,103.0,908.0,119.0
1997-07-22,103.0,907.0,119.0
1997-07-28,103.0,907.0,119.0
1997-08-04,103.0,906.0,119.0
1997-08-11,103.0,905.0,119.0
1997-08-18,103.0,905.0,119.0
1997-08-25,102.0,905.0,118.0
1997-09-01,102.0,903.0,118.0
1997-09-08,102.0,903.0,118.0
1997-09-16,102.0,901.0,118.0
1997-09-22,102.0,901.0,118.0
1997-09-29,102.0,901.0,118.0
1997-10-06,101.0,898.0,117.0
1997-10-13,100.0,896.0,117.0
1997-10-20,101.0,892.0,117.0
1997-10-27,101.0,890.0,117.0
1997-11-04,100.0,883.0,116.0
1997-11-10,100.0,879.0,116.0
1997-11-17,100.0,876.0,116.0
1997-11-25,100.0,873.0,116.0
1997-12-01,100.0,869.0,116.0
1997-12-08,100.0,868.0,116.0
1997-12-15,100.0,866.0,115.0
1997-12-22,100.0,863.0,115.0
1998-01-05,99.0,860.0,115.0
1998-01-12,99.0,857.0,115.0
1998-01-19,99.0,856.0,115.0
1998-01-26,99.0,854.0,114.0
1998-02-02,98.0,851.0,114.0
1998-02-09,98.0,848.0,114.0
1998-02-16,97.0,846.0,113.0
1998-02-23,97.0,844.0,113.0
1998-03-02,97.0,839.0,113.0
1998-03-09,97.0,836.0,112.0
1998-03-16,96.0,833.0,112.0
1998-03-23,96.0,832.0,112.0
1998-03-30,96.0,831.0,112.0
1998-04-06,95.0,824.0,111.0
1998-04-13,95.0,817.0,110.0
1998-04-20,94.0,815.0,109.0
1998-04-27,94.0,814.0,109.0
1998-05-06,94.0,812.0,109.0
1998-05-11,93.0,812.0,108.0
1998-05-18,93.0,811.0,108.0
1998-05-25,93.0,812.0,108.0
1998-06-01,93.0,811.0,108.0
1998-06-08,93.0,810.0,108.0
1998-06-15,92.0,809.0,107.0
1998-06-22,92.0,809.0,107.0
1998-06-29,92.0,808.0,107.0
1998-07-06,92.0,807.0,107.0
1998-07-13,92.0,806.0,107.0
1998-07-21,92.0,806.0,107.0
1998-07-27,92.0,805.0,107.0
1998-08-03,92.0,805.0,107.0
1998-08-10,92.0,805.0,107.0
1998-08-17,92.0,805.0,107.0
1998-08-24,92.0,804.0,107.0
1998-08-31,92.0,804.0,107.0
1998-09-07,92.0,803.0,107.0
1998-09-14,92.0,802.0,107.0
1998-09-21,92.0,802.0,107.0
1998-09-28,92.0,800.0,107.0
1998-10-05,92.0,797.0,107.0
1998-10-12,92.0,794.0,106.0
1998-10-19,92.0,791.0,106.0
1998-10-26,91.0,786.0,106.0
1998-11-02,92.0,780.0,106.0
1998-11-09,92.0,774.0,106.0
1998-11-16,92.0,769.0,106.0
1998-11-24,92.0,764.0,106.0
1998-11-30,92.0,760.0,106.0
1998-12-07,92.0,757.0,106.0
1998-12-14,92.0,754.0,106.0
1998-12-21,92.0,751.0,106.0
1999-01-05,92.0,748.0,106.0
1999-01-11,92.0,746.0,106.0
1999-01-18,92.0,746.0,106.0
1999-01-25,91.0,744.0,106.0
1999-02-01,92.0,742.0,106.0
1999-02-08,92.0,741.0,106.0
1999-02-15,92.0,739.0,106.0
1999-02-22,92.0,737.0,106.0
1999-03-01,92.0,737.0,106.0
1999-03-08,91.0,736.0,106.0
1999-03-15,91.0,734.0,105.0
1999-03-23,91.0,733.0,105.0
1999-03-29,91.0,733.0,105.0
1999-04-05,91.0,732.0,105.0
1999-04-12,91.0,731.0,105.0
1999-04-19,91.0,731.0,105.0
1999-04-26,91.0,730.0,105.0
1999-05-10,91.0,728.0,105.0
1999-05-17,91.0,729.0,105.0
1999-05-24,91.0,729.0,105.0
1999-05-31,91.0,729.0,105.0
1999-06-07,91.0,731.0,105.0
1999-06-14,92.0,731.0,105.0
1999-06-21,92.0,733.0,106.0
1999-06-28,92.0,734.0,106.0
1999-07-05,93.0,735.0,106.0
1999-07-12,93.0,737.0,106.0
1999-07-19,93.0,737.0,106.0
1999-07-26,93.0,738.0,107.0
1999-08-02,94.0,740.0,107.0
1999-08-09,94.0,741.0,107.0
1999-08-16,94.0,743.0,107.0
1999-08-23,94.0,744.0,108.0
1999-08-30,94.0,746.0,108.0
1999-09-06,95.0,748.0,108.0
1999-09-13,95.0,750.0,108.0
1999-09-20,95.0,752.0,108.0
1999-09-27,96.0,753.0,109.0
1999-10-04,96.0,758.0,109.0
1999-10-12,96.0,761.0,109.0
1999-10-18,97.0,765.0,110.0
1999-10-25,97.0,769.0,110.0
1999-11-01,97.0,773.0,110.0
1999-11-08,97.0,776.0,110.0
1999-11-15,97.0,778.0,110.0
1999-11-22,97.0,780.0,110.0
1999-11-29,97.0,781.0,110.0
1999-12-06,98.0,783.0,110.0
1999-12-13,98.0,784.0,110.0
1999-12-20,98.0,783.0,111.0
1999-12-27,98.0,784.0,111.0
2000-01-05,98.0,785.0,111.0
2000-01-11,98.0,785.0,111.0
2000-01-17,98.0,785.0,111.0
2000-01-24,98.0,785.0,111.0
2000-01-31,98.0,785.0,111.0
2000-02-07,98.0,785.0,111.0
2000-02-14,98.0,785.0,111.0
2000-02-21,98.0,785.0,111.0
2000-02-28,98.0,785.0,111.0
2000-03-06,98.0,786.0,111.0
2000-03-13,99.0,786.0,111.0
2000-03-21,99.0,787.0,111.0
2000-03-27,99.0,787.0,112.0
2000-04-03,99.0,791.0,112.0
2000-04-10,100.0,793.0,112.0
2000-04-17,100.0,795.0,112.0
2000-04-24,100.0,796.0,112.0
2000-05-08,100.0,796.0,112.0
2000-05-15,100.0,797.0,113.0
2000-05-22,100.0,797.0,113.0
2000-05-29,100.0,798.0,113.0
2000-06-05,100.0,799.0,113.0
2000-06-12,100.0,801.0,113.0
2000-06-19,101.0,803.0,113.0
2000-06-26,101.0,804.0,113.0
2000-07-03,101.0,806.0,114.0
2000-07-10,101.0,807.0,114.0
2000-07-17,101.0,808.0,114.0
2000-07-24,101.0,808.0,114.0
2000-07-31,102.0,809.0,114.0
2000-08-07,102.0,809.0,114.0
2000-08-14,102.0,810.0,114.0
2000-08-21,102.0,811.0,114.0
2000-08-28,102.0,812.0,114.0
2000-09-04,102.0,812.0,114.0
2000-09-11,102.0,813.0,114.0
2000-09-18,102.0,814.0,114.0
2000-09-25,102.0,814.0,114.0
2000-10-02,103.0,836.0,116.0
2000-10-10,104.0,846.0,116.0
2000-10-16,105.0,852.0,117.0
2000-10-23,105.0,854.0,117.0
2000-10-30,105.0,856.0,117.0
2000-11-06,105.0,859.0,117.0
2000-11-13,105.0,862.0,117.0
2000-11-20,105.0,864.0,117.0
2000-11-27,105.0,867.0,117.0
2000-12-04,105.0,869.0,117.0
2000-12-11,105.0,871.0,117.0
2000-12-18,105.0,871.0,117.0
2000-12-25,105.0,871.0,117.0
2001-01-09,105.0,871.0,117.0
2001-01-15,105.0,871.0,117.0
2001-01-22,105.0,871.0,117.0
2001-01-29,105.0,871.0,117.0
2001-02-05,105.0,871.0,117.0
2001-02-13,105.0,870.0,117.0
2001-02-19,104.0,870.0,117.0
2001-02-26,104.0,870.0,117.0
2001-03-05,104.0,870.0,116.0
2001-03-12,104.0,870.0,116.0
2001-03-19,104.0,869.0,116.0
2001-03-26,104.0,869.0,116.0
2001-04-02,104.0,869.0,116.0
2001-04-09,104.0,869.0,116.0
2001-04-16,104.0,869.0,116.0
2001-04-23,103.0,869.0,115.0
2001-05-07,103.0,868.0,115.0
2001-05-14,103.0,867.0,115.0
2001-05-21,103.0,867.0,115.0
2001-05-28,103.0,866.0,115.0
2001-06-04,102.0,866.0,115.0
2001-06-11,102.0,866.0,114.0
2001-06-18,102.0,865.0,115.0
2001-06-25,102.0,865.0,115.0
2001-07-02,102.0,865.0,114.0
2001-07-09,102.0,865.0,114.0
2001-07-16,102.0,865.0,114.0
2001-07-23,102.0,865.0,114.0
2001-07-30,102.0,865.0,114.0
2001-08-06,102.0,864.0,114.0
2001-08-13,102.0,864.0,114.0
2001-08-20,102.0,864.0,114.0
2001-08-27,102.0,864.0,114.0
2001-09-03,102.0,864.0,114.0
2001-09-10,102.0,864.0,114.0
2001-09-17,102.0,864.0,114.0
2001-09-25,102.0,863.0,114.0
2001-10-01,102.0,863.0,114.0
2001-10-09,102.0,862.0,114.0
2001-10-15,102.0,860.0,114.0
2001-10-22,101.0,859.0,114.0
2001-10-29,101.0,857.0,113.0
2001-11-05,101.0,852.0,113.0
2001-11-12,101.0,845.0,113.0
2001-11-19,101.0,838.0,113.0
2001-11-26,101.0,834.0,113.0
2001-12-03,100.0,827.0,112.0
2001-12-10,100.0,820.0,112.0
2001-12-17,100.0,814.0,112.0
2001-12-25,99.0,810.0,111.0
2002-01-07,99.0,808.0,111.0
2002-01-15,99.0,805.0,111.0
2002-01-21,99.0,804.0,111.0
2002-01-28,99.0,801.0,111.0
2002-02-04,98.0,799.0,110.0
2002-02-12,98.0,796.0,110.0
2002-02-18,98.0,796.0,111.0
2002-02-25,98.0,795.0,110.0
2002-03-04,98.0,794.0,110.0
2002-03-11,98.0,792.0,110.0
2002-03-18,98.0,791.0,110.0
2002-03-25,98.0,790.0,110.0
2002-04-01,98.0,790.0,110.0
2002-04-08,98.0,790.0,110.0
2002-04-15,98.0,792.0,110.0
2002-04-22,99.0,792.0,111.0
2002-04-30,99.0,792.0,111.0
2002-05-07,100.0,795.0,111.0
2002-05-13,100.0,798.0,112.0
2002-05-20,101.0,800.0,112.0
2002-05-27,101.0,801.0,112.0
2002-06-03,101.0,803.0,113.0
2002-06-10,101.0,803.0,113.0
2002-06-17,101.0,804.0,113.0
2002-06-24,101.0,804.0,112.0
2002-07-01,101.0,803.0,112.0
2002-07-08,101.0,803.0,112.0
2002-07-15,101.0,803.0,112.0
2002-07-22,100.0,803.0,112.0
2002-07-29,100.0,803.0,112.0
2002-08-05,100.0,803.0,112.0
2002-08-12,100.0,802.0,111.0
2002-08-19,99.0,802.0,111.0
2002-08-26,99.0,802.0,111.0
2002-09-02,99.0,802.0,111.0
2002-09-09,99.0,801.0,111.0
2002-09-17,99.0,802.0,111.0
2002-09-24,99.0,801.0,111.0
2002-09-30,99.0,801.0,111.0
2002-10-07,99.0,800.0,111.0
2002-10-15,99.0,800.0,111.0
2002-10-21,100.0,801.0,111.0
2002-10-28,100.0,801.0,111.0
2002-11-05,100.0,802.0,112.0
2002-11-11,100.0,803.0,112.0
2002-11-18,100.0,803.0,112.0
2002-11-25,100.0,803.0,112.0
2002-12-02,100.0,803.0,112.0
2002-12-09,100.0,802.0,112.0
2002-12-16,100.0,803.0,112.0
2002-12-24,100.0,804.0,112.0
2003-01-06,100.0,805.0,112.0
2003-01-14,100.0,808.0,111.0
2003-01-20,100.0,810.0,112.0
2003-01-27,100.0,812.0,111.0
2003-02-03,100.0,814.0,112.0
2003-02-10,100.0,816.0,112.0
2003-02-17,100.0,818.0,112.0
2003-02-24,101.0,819.0,112.0
2003-03-03,101.0,825.0,113.0
2003-03-10,102.0,829.0,113.0
2003-03-17,103.0,833.0,114.0
2003-03-24,103.4,839.0,114.6
2003-03-31,103.6,843.0,114.8
2003-04-07,103.9,847.0,115.1
2003-04-14,104.1,849.0,115.2
2003-04-21,104.1,850.0,115.2
2003-04-28,104.0,851.0,115.1
2003-05-06,103.9,850.0,115.0
2003-05-12,103.7,850.0,114.8
2003-05-19,103.4,850.0,114.5
2003-05-26,103.1,849.0,114.2
2003-06-02,102.7,848.0,113.9
2003-06-09,102.4,846.0,113.5
2003-06-16,101.9,844.0,113.1
2003-06-23,101.8,843.0,112.9
2003-06-30,101.6,842.0,112.8
2003-07-07,101.5,842.0,112.6
2003-07-14,101.4,841.0,112.6
2003-07-22,101.4,841.0,112.5
2003-07-28,101.3,841.0,112.5
2003-08-04,101.3,841.0,112.4
2003-08-11,101.3,841.0,112.4
2003-08-18,101.3,841.0,112.4
2003-08-25,101.3,841.0,112.4
2003-09-01,101.1,841.0,112.2
2003-09-08,101.4,840.0,112.5
2003-09-16,101.4,840.0,112.5
2003-09-22,101.4,840.0,112.5
2003-09-29,101.3,840.0,112.4
2003-10-06,101.3,839.0,112.4
2003-10-14,101.0,838.0,112.1
2003-10-20,101.0,837.0,112.1
2003-10-27,100.9,835.0,112.0
2003-11-04,100.6,833.0,111.7
2003-11-10,100.7,831.0,111.8
2003-11-17,100.7,829.0,111.8
2003-11-25,100.5,828.0,111.6
2003-12-01,100.4,826.0,111.5
2003-12-08,100.2,824.0,111.3
2003-12-15,100.3,823.0,111.4
2003-12-22,100.4,821.0,111.5
2004-01-05,100.3,820.0,111.4
2004-01-13,100.2,819.0,111.3
2004-01-19,100.1,818.0,111.2
2004-01-26,100.1,817.0,111.2
2004-02-02,100.1,816.0,111.2
2004-02-09,100.1,815.0,111.2
2004-02-16,100.2,815.0,111.2
2004-02-23,100.2,815.0,111.3
2004-03-01,100.2,814.0,111.3
2004-03-08,100.3,814.0,111.4
2004-03-15,100.5,814.0,111.6
2004-03-22,100.7,814.0,111.7
2004-03-29,100.8,815.0,111.9
2004-04-05,106.4,860.0,117.8
2004-04-12,106.7,860.0,118.2
2004-04-19,107.1,863.0,118.5
2004-04-26,107.3,864.0,118.8
2004-05-10,107.5,864.0,119.0
2004-05-17,107.7,865.0,119.1
2004-05-24,108.0,866.0,119.4
2004-05-31,108.3,868.0,119.7
2004-06-07,112.1,904.0,123.5
2004-06-14,113.0,908.0,124.3
2004-06-21,113.4,911.0,124.7
2004-06-28,113.5,912.0,124.8
2004-07-05,113.7,913.0,125.0
2004-07-12,113.8,914.0,125.1
2004-07-20,113.9,915.0,125.2
2004-07-26,113.9,915.0,125.3
2004-08-02,114.0,915.0,125.3
2004-08-09,114.1,916.0,125.4
2004-08-16,114.2,917.0,125.5
2004-08-23,114.3,919.0,125.7
2004-08-30,114.5,920.0,125.8
2004-09-06,118.9,983.0,130.3
2004-09-13,119.3,988.0,130.7
2004-09-21,119.3,989.0,130.7
2004-09-27,119.3,990.0,130.6
2004-10-04,119.3,991.0,130.6
2004-10-12,119.2,993.0,130.6
2004-10-18,119.2,993.0,130.6
2004-10-25,119.2,995.0,130.5
2004-11-01,119.5,1008.0,130.9
2004-11-08,119.8,1021.0,131.2
2004-11-15,120.0,1029.0,131.4
2004-11-22,120.0,1031.0,131.4
2004-11-29,119.9,1032.0,131.3
2004-12-06,119.4,1030.0,130.8
2004-12-13,119.0,1027.0,130.4
2004-12-20,118.6,1024.0,130.0
2005-01-04,117.9,1019.0,129.2
2005-01-11,117.5,1016.0,128.9
2005-01-17,117.2,1012.0,128.5
2005-01-24,116.9,1010.0,128.2
2005-01-31,116.8,1009.0,128.1
2005-02-07,116.7,1008.0,128.0
2005-02-14,116.6,1008.0,127.9
2005-02-21,116.5,1007.0,127.8
2005-02-28,116.4,1007.0,127.7
2005-03-07,116.6,1010.0,128.0
2005-03-14,117.1,1015.0,128.4
2005-03-22,117.4,1021.0,128.7
2005-03-28,117.6,1025.0,128.9
2005-04-04,121.7,1100.0,133.0
2005-04-11,122.3,1110.0,133.6
2005-04-18,122.4,1113.0,133.7
2005-04-25,122.5,1115.0,133.8
2005-05-02,123.8,1132.0,135.1
2005-05-09,124.3,1138.0,135.6
2005-05-16,124.5,1142.0,135.8
2005-05-23,124.4,1142.0,135.7
2005-05-30,124.3,1142.0,135.5
2005-06-06,123.7,1138.0,135.0
2005-06-13,123.3,1137.0,134.6
2005-06-20,123.2,1136.0,134.4
2005-06-27,123.1,1136.0,134.3
2005-07-04,124.5,1152.0,135.7
2005-07-11,125.1,1160.0,136.3
2005-07-19,125.3,1163.0,136.5
2005-07-25,125.4,1164.0,136.6
2005-08-01,127.5,1191.0,138.7
2005-08-08,128.4,1203.0,139.6
2005-08-15,128.6,1207.0,139.8
2005-08-22,128.7,1210.0,139.8
2005-08-29,128.7,1211.0,139.8
2005-09-05,130.0,1232.0,141.2
2005-09-12,130.4,1240.0,141.6
2005-09-20,130.5,1242.0,141.6
2005-09-26,130.6,1244.0,141.7
2005-10-03,131.0,1250.0,142.1
2005-10-11,131.1,1254.0,142.2
2005-10-17,131.1,1255.0,142.3
2005-10-24,131.1,1256.0,142.2
2005-10-31,130.9,1256.0,142.1
2005-11-07,130.6,1257.0,141.8
2005-11-14,130.4,1256.0,141.6
2005-11-21,130.2,1255.0,141.3
2005-11-28,130.0,1254.0,141.2
2005-12-05,129.5,1252.0,140.7
2005-12-12,129.2,1253.0,140.3
2005-12-19,129.0,1263.0,140.2
2005-12-26,128.9,1280.0,140.0
2006-01-04,128.8,1302.0,140.0
2006-01-10,128.8,1336.0,140.0
2006-01-16,128.7,1368.0,139.9
2006-01-23,128.7,1388.0,139.9
2006-01-30,128.7,1396.0,139.9
2006-02-06,129.2,1419.0,140.3
2006-02-13,129.6,1426.0,140.8
2006-02-20,129.7,1427.0,140.8
2006-02-27,129.7,1426.0,140.9
2006-03-06,130.3,1421.0,141.4
2006-03-13,130.6,1418.0,141.7
2006-03-20,130.7,1415.0,141.8
2006-03-27,130.8,1414.0,141.9
2006-04-03,130.9,1409.0,142.0
2006-04-10,130.9,1406.0,142.0
2006-04-17,130.9,1406.0,142.1
2006-04-24,131.1,1406.0,142.3
2006-05-01,134.9,1439.0,146.0
2006-05-08,135.9,1448.0,146.9
2006-05-15,136.1,1451.0,147.1
2006-05-22,136.2,1453.0,147.2
2006-05-29,136.2,1453.0,147.2
2006-06-05,136.2,1453.0,147.2
2006-06-12,136.1,1453.0,147.2
2006-06-19,136.0,1453.0,147.1
2006-06-26,136.0,1453.0,147.1
2006-07-03,136.2,1454.0,147.3
2006-07-10,136.5,1455.0,147.6
2006-07-18,136.8,1455.0,147.8
2006-07-24,137.0,1456.0,148.0
2006-07-31,137.4,1459.0,148.4
2006-08-07,143.7,1532.0,154.7
2006-08-14,143.8,1535.0,154.8
2006-08-21,143.9,1536.0,154.9
2006-08-28,143.9,1536.0,154.9
2006-09-04,144.1,1539.0,155.2
2006-09-11,144.1,1540.0,155.2
2006-09-19,144.0,1540.0,155.1
2006-09-25,143.8,1539.0,154.9
2006-10-02,142.6,1525.0,153.7
2006-10-10,141.5,1512.0,152.6
2006-10-16,141.0,1504.0,152.0
2006-10-23,140.2,1495.0,151.2
2006-10-30,139.5,1487.0,150.5
2006-11-06,137.5,1451.0,148.5
2006-11-13,136.8,1438.0,147.8
2006-11-20,136.2,1430.0,147.3
2006-11-27,135.7,1424.0,146.7
2006-12-04,135.2,1414.0,146.2
2006-12-11,134.8,1410.0,145.8
2006-12-18,134.5,1407.0,145.5
2006-12-25,134.2,1404.0,145.2
2007-01-04,133.9,1402.0,144.9
2007-01-09,133.7,1400.0,144.7
2007-01-15,133.3,1397.0,144.3
2007-01-22,132.7,1391.0,143.8
2007-01-29,132.2,1385.0,143.2
2007-02-05,130.4,1360.0,141.5
2007-02-13,129.6,1349.0,140.7
2007-02-19,129.3,1345.0,140.3
2007-02-26,129.0,1341.0,140.1
2007-03-05,128.8,1338.0,139.9
2007-03-12,129.0,1337.0,140.1
2007-03-19,129.2,1336.0,140.2
2007-03-26,129.1,1336.0,140.2
2007-04-02,129.1,1333.0,140.1
2007-04-09,129.7,1336.0,140.7
2007-04-16,130.3,1340.0,141.3
2007-04-23,130.6,1343.0,141.6
2007-05-01,134.0,1383.0,144.9
2007-05-07,135.2,1399.0,146.1
2007-05-14,136.4,1410.0,147.2
2007-05-21,136.7,1413.0,147.6
2007-05-28,136.8,1415.0,147.7
2007-06-04,138.2,1430.0,149.1
2007-06-11,138.9,1435.0,149.8
2007-06-18,138.9,1437.0,149.8
2007-06-25,138.9,1437.0,149.8
2007-07-02,139.6,1444.0,150.5
2007-07-09,140.6,1453.0,151.5
2007-07-17,141.1,1457.0,152.0
2007-07-23,141.3,1459.0,152.2
2007-07-30,141.3,1460.0,152.2
2007-08-06,145.1,1495.0,156.0
2007-08-13,145.4,1499.0,156.3
2007-08-20,145.4,1500.0,156.3
2007-08-27,145.3,1500.0,156.2
2007-09-03,144.6,1495.0,155.5
2007-09-10,144.0,1490.0,154.9
2007-09-18,143.6,1489.0,154.5
2007-09-25,143.4,1489.0,154.3
2007-10-01,144.0,1496.0,154.9
2007-10-09,144.7,1505.0,155.6
2007-10-15,144.9,1509.0,155.7
2007-10-22,144.9,1513.0,155.7
2007-10-29,145.0,1515.0,155.9
2007-11-05,149.9,1594.0,160.9
2007-11-12,150.1,1605.0,161.0
2007-11-19,150.2,1616.0,161.1
2007-11-26,150.1,1628.0,161.1
2007-12-03,154.9,1735.0,165.8
2007-12-10,155.5,1755.0,166.5
2007-12-17,155.3,1757.0,166.3
2007-12-25,155.0,1755.0,165.9
2008-01-07,154.3,1753.0,165.2
2008-01-15,153.7,1751.0,164.6
2008-01-21,153.3,1748.0,164.2
2008-01-28,152.9,1746.0,163.9
2008-02-04,152.6,1742.0,163.6
2008-02-12,152.3,1739.0,163.3
2008-02-18,152.1,1737.0,163.0
2008-02-25,151.8,1736.0,162.8
2008-03-03,151.9,1737.0,162.8
2008-03-10,152.6,1740.0,163.6
2008-03-17,152.9,1742.0,163.8
2008-03-24,152.9,1742.0,163.8
2008-03-31,152.9,1742.0,163.8
2008-04-07,131.2,1748.0,142.3
2008-04-14,130.6,1749.0,141.7
2008-04-21,130.6,1751.0,141.6
2008-04-28,130.6,1751.0,141.6
2008-05-07,159.6,1806.0,170.3
2008-05-12,160.1,1813.0,170.8
2008-05-19,160.1,1822.0,171.0
2008-05-26,160.3,1833.0,171.1
2008-06-02,171.9,2060.0,182.8
2008-06-09,172.4,2088.0,183.4
2008-06-16,172.3,2095.0,183.2
2008-06-23,172.0,2100.0,183.0
2008-06-30,172.0,2104.0,182.9
2008-07-07,181.5,2294.0,192.4
2008-07-14,181.3,2299.0,192.2
2008-07-22,180.9,2302.0,191.8
2008-07-28,180.7,2303.0,191.6
2008-08-04,185.1,2375.0,196.0
2008-08-11,184.4,2378.0,195.3
2008-08-18,183.2,2374.0,194.0
2008-08-25,181.7,2366.0,192.6
2008-09-01,176.2,2293.0,187.1
2008-09-08,174.5,2276.0,185.3
2008-09-16,173.0,2264.0,183.8
2008-09-22,171.5,2248.0,182.3
2008-09-29,170.2,2235.0,181.1
2008-10-06,164.7,2117.0,175.5
2008-10-14,161.6,2075.0,172.5
2008-10-20,157.4,2018.0,168.2
2008-10-27,151.3,1943.0,162.2
2008-11-04,141.0,1737.0,151.9
2008-11-10,136.6,1651.0,147.5
2008-11-17,132.0,1566.0,142.9
2008-11-25,127.9,1498.0,138.7
2008-12-01,123.3,1431.0,134.1
2008-12-08,119.1,1377.0,129.9
2008-12-15,114.7,1332.0,125.5
2008-12-22,110.6,1292.0,121.6
2009-01-05,106.8,1247.0,117.7
2009-01-13,106.0,1228.0,116.9
2009-01-19,106.6,1223.0,117.5
2009-01-26,107.4,1223.0,118.3
2009-02-02,108.3,1225.0,119.2
2009-02-09,108.9,1227.0,119.7
2009-02-16,109.4,1221.0,120.2
2009-02-23,109.6,1206.0,120.5
2009-03-02,110.3,1184.0,121.1
2009-03-09,111.1,1166.0,121.9
2009-03-16,111.4,1155.0,122.3
2009-03-23,111.5,1146.0,122.4
2009-03-30,111.5,1141.0,122.4
2009-04-06,113.2,1137.0,124.0
2009-04-13,114.1,1136.0,124.9
2009-04-20,115.1,1138.0,125.9
2009-04-27,115.9,1142.0,126.7
2009-05-07,116.7,1144.0,127.5
2009-05-11,117.1,1144.0,127.9
2009-05-18,118.0,1145.0,128.8
2009-05-25,119.0,1148.0,129.8
2009-06-01,120.0,1150.0,130.8
2009-06-08,120.8,1152.0,131.6
2009-06-15,121.2,1156.0,132.0
2009-06-22,121.9,1160.0,132.7
2009-06-29,122.6,1165.0,133.4
2009-07-06,124.1,1185.0,134.9
2009-07-13,125.1,1195.0,135.9
2009-07-21,125.3,1198.0,136.1
2009-07-27,125.3,1199.0,136.0
2009-08-03,125.3,1201.0,136.1
2009-08-10,125.3,1202.0,136.1
2009-08-17,125.4,1203.0,136.2
2009-08-24,125.9,1208.0,136.6
2009-08-31,126.5,1214.0,137.3
2009-09-07,128.8,1237.0,139.6
2009-09-14,129.1,1241.0,139.9
2009-09-24,129.1,1244.0,139.9
2009-09-28,129.1,1245.0,139.9
2009-10-05,128.9,1244.0,139.7
2009-10-13,128.5,1242.0,139.3
2009-10-19,127.9,1238.0,138.7
2009-10-26,127.4,1235.0,138.2
2009-11-02,127.0,1235.0,137.8
2009-11-09,127.0,1238.0,137.7
2009-11-16,126.8,1242.0,137.6
2009-11-24,126.6,1246.0,137.4
2009-11-30,126.5,1248.0,137.3
2009-12-07,126.4,1252.0,137.2
2009-12-14,126.3,1252.0,137.1
2009-12-21,126.1,1252.0,136.9
2010-01-05,125.8,1254.0,136.6
2010-01-12,125.9,1260.0,136.7
2010-01-18,127.2,1284.0,138.0
2010-01-25,128.5,1308.0,139.3
2010-02-01,128.9,1316.0,139.7
2010-02-08,128.9,1317.0,139.7
2010-02-15,128.9,1316.0,139.6
2010-02-22,128.8,1315.0,139.5
2010-03-01,128.7,1314.0,139.5
2010-03-08,129.1,1316.0,139.9
2010-03-15,130.4,1321.0,141.1
2010-03-23,131.0,1324.0,141.8
2010-03-29,131.3,1326.0,142.1
2010-04-05,131.9,1330.0,142.7
2010-04-12,133.2,1342.0,144.0
2010-04-19,135.2,1370.0,146.0
2010-04-26,137.5,1401.0,148.3
2010-05-06,138.7,1424.0,149.4
2010-05-10,139.0,1430.0,149.7
2010-05-17,139.5,1436.0,150.2
2010-05-24,139.6,1437.0,150.4
2010-05-31,139.3,1437.0,150.1
2010-06-07,138.3,1431.0,149.1
2010-06-14,137.5,1426.0,148.3
2010-06-21,136.9,1422.0,147.6
2010-06-28,136.5,1421.0,147.2
2010-07-05,136.1,1420.0,146.9
2010-07-12,135.6,1418.0,146.4
2010-07-20,135.0,1415.0,145.8
2010-07-26,134.5,1413.0,145.3
2010-08-02,134.1,1410.0,144.9
2010-08-09,133.9,1409.0,144.6
2010-08-16,133.7,1409.0,144.5
2010-08-23,133.6,1408.0,144.4
2010-08-30,133.5,1407.0,144.3
2010-09-06,133.2,1401.0,144.0
2010-09-13,133.0,1399.0,143.8
2010-09-21,132.6,1396.0,143.4
2010-09-27,132.3,1393.0,143.1
2010-10-04,132.1,1391.0,142.9
2010-10-12,132.1,1390.0,142.9
2010-10-18,132.2,1390.0,143.0
2010-10-25,132.3,1390.0,143.1
2010-11-01,132.3,1388.0,143.1
2010-11-08,132.3,1388.0,143.0
2010-11-15,132.3,1387.0,143.1
2010-11-22,132.3,1389.0,143.1
2010-11-29,132.5,1391.0,143.3
2010-12-06,132.9,1398.0,143.7
2010-12-13,133.2,1406.0,143.9
2010-12-20,133.7,1422.0,144.4
2011-01-05,134.9,1457.0,145.6
2011-01-11,135.9,1477.0,146.6
2011-01-17,137.1,1506.0,147.9
2011-01-24,137.8,1523.0,148.6
2011-01-31,137.9,1529.0,148.7
2011-02-07,138.1,1537.0,148.8
2011-02-14,138.0,1543.0,148.8
2011-02-21,138.1,1547.0,148.8
2011-02-28,139.0,1557.0,149.8
2011-03-07,145.5,1620.0,156.3
2011-03-14,148.5,1649.0,159.3
2011-03-22,151.2,1682.0,162.0
2011-03-28,151.7,1688.0,162.5
2011-04-04,151.8,1693.0,162.6
2011-04-11,151.8,1694.0,162.6
2011-04-18,152.2,1703.0,163.0
2011-04-25,152.7,1713.0,163.5
2011-05-02,152.5,1716.0,163.3
2011-05-09,152.2,1716.0,163.0
2011-05-16,151.1,1710.0,161.9
2011-05-23,149.5,1699.0,160.3
2011-05-30,148.5,1694.0,159.3
2011-06-06,147.6,1688.0,158.4
2011-06-13,147.4,1687.0,158.2
2011-06-20,147.8,1686.0,158.6
2011-06-27,148.7,1685.0,159.5
2011-07-04,148.7,1680.0,159.5
2011-07-11,148.7,1677.0,159.4
2011-07-19,149.2,1676.0,159.9
2011-07-25,150.6,1676.0,161.3
2011-08-01,150.8,1676.0,161.6
2011-08-08,150.8,1675.0,161.6
2011-08-15,150.2,1670.0,161.0
2011-08-22,149.1,1659.0,159.8
2011-08-29,148.3,1651.0,159.1
2011-09-05,147.4,1640.0,158.2
2011-09-12,146.6,1634.0,157.4
2011-09-20,145.8,1627.0,156.6
2011-09-26,145.2,1621.0,156.0
2011-10-03,144.2,1609.0,155.0
2011-10-11,143.1,1596.0,153.9
2011-10-17,142.6,1587.0,153.4
2011-10-24,142.5,1584.0,153.3
2011-10-31,142.5,1582.0,153.3
2011-11-07,142.5,1583.0,153.3
2011-11-14,142.7,1587.0,153.6
2011-11-21,143.6,1600.0,154.4
2011-11-28,143.7,1603.0,154.5
2011-12-05,143.6,1605.0,154.4
2011-12-12,143.6,1605.0,154.4
2011-12-19,143.6,1605.0,154.4
2011-12-26,143.4,1604.0,154.2
2012-01-05,143.2,1604.0,154.0
2012-01-10,143.1,1605.0,153.9
2012-01-16,143.1,1608.0,153.9
2012-01-23,143.2,1613.0,154.0
2012-01-30,143.1,1615.0,153.9
2012-02-06,142.9,1617.0,153.7
2012-02-13,142.9,1618.0,153.7
2012-02-20,143.5,1625.0,154.3
2012-02-27,145.5,1654.0,156.3
2012-03-05,149.2,1705.0,160.0
2012-03-12,152.6,1730.0,163.4
2012-03-19,155.6,1748.0,166.4
2012-03-26,157.6,1762.0,168.4
2012-04-02,158.3,1766.0,169.1
2012-04-09,158.1,1767.0,168.9
2012-04-16,157.2,1762.0,168.0
2012-04-23,155.5,1749.0,166.3
2012-05-01,153.9,1738.0,164.7
2012-05-07,153.3,1734.0,164.1
2012-05-14,151.7,1718.0,162.5
2012-05-21,149.4,1696.0,160.2
2012-05-28,147.4,1679.0,158.2
2012-06-04,145.8,1666.0,156.6
2012-06-11,143.9,1645.0,154.7
2012-06-18,142.4,1629.0,153.2
2012-06-25,141.2,1617.0,152.0
2012-07-02,139.8,1598.0,150.7
2012-07-09,139.4,1590.0,150.2
2012-07-17,139.7,1588.0,150.5
2012-07-23,139.6,1586.0,150.4
2012-07-30,139.6,1587.0,150.4
2012-08-06,139.6,1585.0,150.5
2012-08-13,141.0,1592.0,151.8
2012-08-20,143.8,1613.0,154.7
2012-08-27,146.5,1633.0,157.4
2012-09-03,147.7,1644.0,158.5
2012-09-10,148.2,1651.0,159.0
2012-09-18,148.7,1656.0,159.6
2012-09-24,149.2,1660.0,160.0
2012-10-01,149.0,1659.0,159.8
2012-10-09,148.4,1656.0,159.3
2012-10-15,147.9,1652.0,158.8
2012-10-22,147.6,1649.0,158.4
2012-10-29,147.5,1646.0,158.3
2012-11-05,146.7,1637.0,157.6
2012-11-12,146.2,1631.0,157.0
2012-11-19,145.7,1628.0,156.5
2012-11-26,145.5,1630.0,156.4
2012-12-03,146.8,1647.0,157.6
2012-12-10,147.2,1660.0,158.1
2012-12-17,147.4,1671.0,158.2
2012-12-25,148.0,1692.0,158.8
2013-01-07,148.8,1720.0,159.6
2013-01-15,150.0,1759.0,160.9
2013-01-21,151.1,1784.0,162.0
2013-01-28,151.2,1792.0,162.0
2013-02-04,151.7,1803.0,162.6
2013-02-12,153.8,1821.0,164.6
2013-02-18,155.2,1826.0,166.0
2013-02-25,156.2,1826.0,167.0
2013-03-04,156.2,1823.0,167.0
2013-03-11,155.8,1814.0,166.6
2013-03-18,155.6,1806.0,166.4
2013-03-25,155.5,1801.0,166.3
2013-04-01,155.2,1793.0,166.0
2013-04-08,155.0,1786.0,165.8
2013-04-15,154.8,1783.0,165.6
2013-04-22,154.1,1776.0,164.9
2013-04-30,153.2,1767.0,164.0
2013-05-07,152.5,1763.0,163.3
2013-05-13,152.1,1759.0,162.9
2013-05-20,151.9,1757.0,162.7
2013-05-27,151.7,1756.0,162.5
2013-06-03,151.6,1756.0,162.4
2013-06-10,151.6,1755.0,162.4
2013-06-17,151.9,1756.0,162.7
2013-06-24,152.0,1756.0,162.8
2013-07-01,151.9,1756.0,162.7
2013-07-08,152.7,1760.0,163.5
2013-07-16,155.2,1776.0,166.0
2013-07-22,157.0,1788.0,167.8
2013-07-29,158.8,1799.0,169.5
2013-08-05,160.1,1807.0,170.8
2013-08-12,160.2,1808.0,171.0
2013-08-19,160.2,1808.0,171.0
2013-08-26,160.2,1808.0,171.0
2013-09-02,160.7,1813.0,171.5
2013-09-09,161.4,1820.0,172.2
2013-09-17,161.2,1821.0,172.0
2013-09-24,160.7,1820.0,171.5
2013-09-30,160.0,1818.0,170.8
2013-10-07,159.0,1816.0,169.8
2013-10-15,159.6,1825.0,170.4
2013-10-21,160.1,1831.0,170.9
2013-10-28,159.8,1832.0,170.6
2013-11-05,159.1,1833.0,169.9
2013-11-11,158.6,1833.0,169.3
2013-11-18,157.9,1832.0,168.7
2013-11-25,156.9,1829.0,167.6
2013-12-02,157.0,1836.0,167.7
2013-12-09,157.5,1850.0,168.3
2013-12-16,157.7,1858.0,168.5
2013-12-24,158.1,1869.0,168.9
2014-01-06,158.3,1877.0,169.1
2014-01-14,158.5,1881.0,169.3
2014-01-20,158.7,1882.0,169.5
2014-01-27,158.7,1882.0,169.4
2014-02-03,158.6,1879.0,169.4
2014-02-10,158.4,1874.0,169.2
2014-02-17,158.2,1871.0,168.9
2014-02-24,158.0,1868.0,168.8
2014-03-03,157.9,1864.0,168.7
2014-03-10,158.2,1863.0,169.0
2014-03-17,158.7,1863.0,169.5
2014-03-24,159.0,1865.0,169.8
2014-04-01,164.1,1919.0,175.0
2014-04-07,164.2,1919.0,175.0
2014-04-14,164.2,1919.0,175.0
2014-04-21,164.2,1919.0,175.1
2014-04-28,164.8,1919.0,175.6
2014-05-07,165.1,1919.0,176.0
2014-05-12,165.4,1918.0,176.2
2014-05-19,165.6,1918.0,176.5
2014-05-26,165.8,1918.0,176.6
2014-06-02,166.0,1918.0,176.8
2014-06-09,166.6,1919.0,177.4
2014-06-16,167.0,1920.0,177.8
2014-06-23,167.4,1922.0,178.2
2014-06-30,168.4,1929.0,179.2
2014-07-07,169.7,1939.0,180.5
2014-07-14,169.9,1941.0,180.7
2014-07-22,169.8,1941.0,180.6
2014-07-28,169.6,1941.0,180.4
2014-08-04,169.4,1940.0,180.2
2014-08-11,169.2,1940.0,180.0
2014-08-18,169.0,1940.0,179.8
2014-08-25,168.4,1938.0,179.3
2014-09-01,167.8,1935.0,178.6
2014-09-08,167.4,1933.0,178.2
2014-09-16,167.1,1931.0,178.0
2014-09-22,166.7,1929.0,177.6
2014-09-29,166.3,1926.0,177.1
2014-10-06,166.0,1923.0,176.8
2014-10-14,165.3,1918.0,176.1
2014-10-20,163.9,1907.0,174.7
2014-10-27,161.8,1884.0,172.6
2014-11-04,160.1,1862.0,170.9
2014-11-10,159.5,1854.0,170.3
2014-11-17,159.1,1848.0,169.9
2014-11-25,158.3,1839.0,169.1
2014-12-01,157.4,1828.0,168.2
2014-12-08,155.3,1800.0,166.2
2014-12-15,152.4,1760.0,163.2
2014-12-22,149.1,1711.0,160.0
2015-01-05,145.2,1650.0,156.0
2015-01-13,142.6,1608.0,153.5
2015-01-19,139.6,1561.0,150.5
2015-01-26,136.2,1507.0,147.1
2015-02-02,134.3,1475.0,145.2
2015-02-09,133.5,1462.0,144.4
2015-02-16,135.4,1477.0,146.3
2015-02-23,137.9,1499.0,148.7
2015-03-02,139.3,1513.0,150.1
2015-03-09,139.9,1519.0,150.8
2015-03-16,140.3,1523.0,151.2
2015-03-23,140.4,1522.0,151.3
2015-03-30,139.9,1519.0,150.8
2015-04-06,139.4,1513.0,150.2
2015-04-13,139.0,1510.0,149.8
2015-04-20,138.8,1509.0,149.6
2015-04-27,139.9,1515.0,150.7
2015-05-07,140.6,1520.0,151.5
2015-05-11,141.0,1521.0,151.8
2015-05-18,142.1,1528.0,152.9
2015-05-25,142.7,1532.0,153.6
2015-06-01,142.9,1533.0,153.7
2015-06-08,143.4,1536.0,154.2
2015-06-15,144.5,1541.0,155.3
2015-06-22,144.9,1544.0,155.7
2015-06-29,145.1,1545.0,156.0
2015-07-06,145.2,1545.0,156.0
2015-07-13,144.7,1542.0,155.6
2015-07-21,143.5,1536.0,154.3
2015-07-27,142.5,1530.0,153.4
2015-08-03,141.3,1520.0,152.1
2015-08-10,140.0,1508.0,150.8
2015-08-17,138.2,1496.0,149.1
2015-08-24,136.7,1479.0,147.6
2015-08-31,135.7,1468.0,146.6
2015-09-07,135.1,1456.0,145.9
2015-09-14,135.4,1451.0,146.3
2015-09-24,135.2,1444.0,146.1
2015-09-28,134.9,1441.0,145.8
2015-10-05,134.4,1430.0,145.3
2015-10-13,133.8,1417.0,144.6
2015-10-19,133.8,1410.0,144.6
2015-10-26,133.7,1403.0,144.5
2015-11-02,132.7,1387.0,143.6
2015-11-09,132.2,1374.0,143.0
2015-11-16,131.6,1366.0,142.5
2015-11-24,130.3,1355.0,141.1
2015-11-30,129.1,1343.0,140.0
2015-12-07,127.8,1330.0,138.6
2015-12-14,126.2,1310.0,137.0
2015-12-21,123.5,1271.0,134.3
2016-01-04,120.4,1227.0,131.3
2016-01-12,118.9,1197.0,129.8
2016-01-18,117.2,1160.0,128.0
2016-01-25,115.2,1131.0,126.0
2016-02-01,113.4,1112.0,124.3
2016-02-08,113.2,1109.0,124.1
2016-02-15,113.5,1109.0,124.4
2016-02-22,113.0,1106.0,123.9
2016-02-29,112.5,1104.0,123.4
2016-03-07,112.0,1099.0,122.9
2016-03-14,112.1,1098.0,123.0
2016-03-22,112.9,1098.0,123.7
2016-03-28,113.3,1098.0,124.1
2016-04-04,114.6,1106.0,125.5
2016-04-11,116.3,1112.0,127.2
2016-04-18,116.6,1115.0,127.5
2016-04-25,117.1,1114.0,127.9
2016-05-02,117.8,1117.0,128.6
2016-05-09,118.0,1119.0,128.8
2016-05-16,118.8,1121.0,129.6
2016-05-23,119.2,1122.0,130.0
2016-05-30,119.9,1125.0,130.7
2016-06-06,122.5,1143.0,133.4
2016-06-13,123.6,1152.0,134.4
2016-06-20,124.0,1155.0,134.8
2016-06-27,124.0,1156.0,134.8
2016-07-04,123.8,1156.0,134.6
2016-07-11,123.5,1156.0,134.3
2016-07-19,122.7,1153.0,133.4
2016-07-25,122.2,1151.0,133.0
2016-08-01,122.1,1151.0,132.9
2016-08-08,122.0,1150.0,132.8
2016-08-15,121.7,1148.0,132.5
2016-08-22,121.7,1150.0,132.5
2016-08-29,122.2,1151.0,133.0
2016-09-05,122.9,1150.0,133.8
2016-09-12,123.0,1151.0,133.8
2016-09-20,122.9,1150.0,133.7
2016-09-26,122.8,1149.0,133.7
2016-10-03,122.7,1146.0,133.5
2016-10-11,122.8,1146.0,133.6
2016-10-17,124.6,1163.0,135.4
2016-10-24,126.0,1175.0,136.8
2016-10-31,126.3,1178.0,137.2
2016-11-07,126.5,1185.0,137.4
2016-11-14,126.3,1186.0,137.1
2016-11-21,125.8,1188.0,136.6
2016-11-28,125.6,1198.0,136.4
2016-12-05,126.0,1228.0,136.8
2016-12-12,127.7,1290.0,138.6
2016-12-19,129.3,1342.0,140.1
2016-12-26,130.3,1371.0,141.1
2017-01-10,130.5,1387.0,141.3
2017-01-16,130.9,1399.0,141.7
2017-01-23,131.1,1405.0,141.9
2017-01-30,131.0,1405.0,141.8
2017-02-06,130.9,1406.0,141.7
2017-02-13,130.8,1406.0,141.6
2017-02-20,130.6,1404.0,141.4
2017-02-27,130.8,1404.0,141.6
2017-03-06,132.0,1405.0,142.8
2017-03-13,133.5,1408.0,144.3
2017-03-21,133.8,1405.0,144.7
2017-03-27,133.9,1406.0,144.7
2017-04-03,133.9,1403.0,144.7
2017-04-10,133.9,1399.0,144.7
2017-04-17,134.0,1398.0,144.7
2017-04-24,133.9,1397.0,144.6
2017-05-01,133.5,1395.0,144.3
2017-05-08,133.1,1393.0,143.9
2017-05-15,132.7,1391.0,143.5
2017-05-22,132.2,1388.0,143.0
2017-05-29,131.7,1385.0,142.4
2017-06-05,131.7,1383.0,142.5
2017-06-12,131.6,1381.0,142.4
2017-06-19,131.0,1378.0,141.8
2017-06-26,130.6,1373.0,141.4
2017-07-03,130.3,1372.0,141.0
2017-07-10,130.4,1371.0,141.1
2017-07-18,130.9,1371.0,141.6
2017-07-24,131.1,1370.0,141.8
2017-07-31,131.0,1370.0,141.7
2017-08-07,131.2,1370.0,142.0
2017-08-14,131.3,1369.0,142.1
2017-08-21,131.3,1369.0,142.0
2017-08-28,131.4,1369.0,142.1
2017-09-04,131.4,1369.0,142.1
2017-09-11,131.3,1369.0,142.1
2017-09-19,131.6,1370.0,142.3
2017-09-25,132.3,1375.0,143.1
2017-10-02,133.7,1386.0,144.4
2017-10-10,134.9,1398.0,145.6
2017-10-16,135.5,1405.0,146.2
2017-10-23,135.6,1409.0,146.3
2017-10-30,135.8,1414.0,146.5
2017-11-06,136.5,1428.0,147.3
2017-11-13,138.3,1456.0,149.0
2017-11-20,140.1,1484.0,150.9
2017-11-27,141.1,1502.0,151.9
2017-12-04,141.4,1509.0,152.1
2017-12-11,141.4,1513.0,152.2
2017-12-18,141.5,1516.0,152.3
2017-12-25,141.7,1520.0,152.4
2018-01-09,141.9,1525.0,152.6
2018-01-15,143.2,1551.0,154.0
2018-01-22,144.6,1572.0,155.4
2018-01-29,144.9,1578.0,155.6
2018-02-05,144.9,1583.0,155.7
2018-02-13,144.9,1586.0,155.7
2018-02-19,144.7,1587.0,155.5
2018-02-26,144.4,1586.0,155.1
2018-03-05,144.1,1585.0,154.8
2018-03-12,143.8,1585.0,154.6
2018-03-19,143.5,1584.0,154.3
2018-03-26,143.2,1581.0,154.0
2018-04-02,143.1,1579.0,153.9
2018-04-09,143.3,1580.0,154.1
2018-04-16,143.3,1579.0,154.1
2018-04-23,144.1,1581.0,154.9
2018-05-01,145.5,1589.0,156.3
2018-05-07,145.9,1592.0,156.7
2018-05-14,147.1,1606.0,157.9
2018-05-21,149.1,1626.0,160.0
2018-05-28,151.0,1649.0,161.8
2018-06-04,152.1,1662.0,162.9
2018-06-11,152.0,1667.0,162.8
2018-06-18,152.0,1668.0,162.7
2018-06-25,151.9,1668.0,162.7
2018-07-02,151.8,1668.0,162.6
2018-07-09,152.0,1670.0,162.8
2018-07-17,152.3,1674.0,163.1
2018-07-23,152.3,1673.0,163.0
2018-07-30,152.1,1673.0,162.9
2018-08-06,152.1,1674.0,162.9
2018-08-13,152.1,1675.0,162.9
2018-08-20,151.9,1674.0,162.7
2018-08-27,151.8,1673.0,162.6
2018-09-03,152.1,1676.0,162.9
2018-09-10,153.1,1685.0,163.9
2018-09-18,153.7,1692.0,164.6
2018-09-25,154.3,1700.0,165.1
2018-10-01,155.2,1714.0,166.1
2018-10-09,157.5,1751.0,168.3
2018-10-15,159.6,1787.0,170.4
2018-10-22,160.0,1797.0,170.8
2018-10-29,159.6,1794.0,170.4
2018-11-05,158.7,1789.0,169.5
2018-11-12,157.5,1779.0,168.3
2018-11-19,155.9,1765.0,166.7
2018-11-26,153.9,1743.0,164.7
2018-12-03,151.3,1712.0,162.1
2018-12-10,149.3,1687.0,160.1
2018-12-17,147.9,1668.0,158.6
2018-12-25,146.6,1652.0,157.3
2019-01-07,143.9,1614.0,154.7
2019-01-15,142.8,1599.0,153.5
2019-01-21,142.5,1596.0,153.3
2019-01-28,142.9,1596.0,153.7
2019-02-04,143.1,1597.0,153.9
2019-02-12,142.9,1595.0,153.7
2019-02-18,143.0,1596.0,153.8
2019-02-25,144.0,1604.0,154.8
2019-03-04,144.9,1609.0,155.7
2019-03-11,145.1,1613.0,155.9
2019-03-18,145.3,1615.0,156.1
2019-03-25,145.6,1618.0,156.3
2019-04-01,146.1,1620.0,156.8
2019-04-08,146.2,1622.0,157.0
2019-04-15,147.2,1632.0,158.0
2019-04-22,148.4,1647.0,159.2
2019-05-07,150.2,1670.0,161.0
2019-05-13,150.4,1674.0,161.2
2019-05-20,150.1,1675.0,160.9
2019-05-27,150.0,1675.0,160.8
2019-06-03,149.8,1673.0,160.6
2019-06-10,148.8,1665.0,159.5
2019-06-17,147.0,1650.0,157.7
2019-06-24,145.9,1644.0,156.7
2019-07-01,145.6,1641.0,156.4
2019-07-08,145.8,1642.0,156.6
2019-07-16,145.6,1640.0,156.4
2019-07-22,145.8,1641.0,156.6
2019-07-29,145.7,1639.0,156.6
2019-08-05,145.5,1639.0,156.3
2019-08-13,145.0,1637.0,155.9
2019-08-19,144.4,1632.0,155.2
2019-08-26,143.5,1624.0,154.3
2019-09-02,143.2,1622.0,154.0
2019-09-09,143.0,1619.0,153.8
2019-09-17,142.9,1617.0,153.7
2019-09-24,143.8,1624.0,154.6
2019-09-30,145.4,1637.0,156.3
2019-10-07,148.1,1665.0,158.9
2019-10-15,147.3,1657.0,158.1
2019-10-21,146.8,1652.0,157.6
2019-10-28,146.5,1650.0,157.4
2019-11-05,146.7,1650.0,157.5
2019-11-11,146.8,1650.0,157.6
2019-11-18,146.9,1650.0,157.7
2019-11-25,147.1,1652.0,158.0
2019-12-02,147.3,1652.0,158.1
2019-12-09,147.6,1656.0,158.4
2019-12-16,147.9,1657.0,158.7
2019-12-23,148.8,1667.0,159.7
2020-01-06,150.1,1685.0,160.9
2020-01-14,151.1,1698.0,161.9
2020-01-20,151.6,1706.0,162.4
2020-01-27,151.5,1708.0,162.4
2020-02-03,151.2,1705.0,162.1
2020-02-10,150.0,1693.0,160.9
2020-02-17,148.5,1675.0,159.4
2020-02-25,147.8,1666.0,158.6
2020-03-02,147.6,1663.0,158.4
2020-03-09,146.4,1649.0,157.2
2020-03-16,143.5,1616.0,154.4
2020-03-23,139.6,1562.0,150.4
2020-03-30,136.3,1524.0,147.2
2020-04-06,133.7,1488.0,144.6
2020-04-13,131.9,1465.0,142.8
2020-04-20,130.9,1450.0,141.8
2020-04-27,129.0,1424.0,139.8
2020-05-11,124.8,1369.0,135.7
2020-05-18,125.5,1369.0,136.5
2020-05-25,126.9,1375.0,137.8
2020-06-01,128.4,1386.0,139.3
2020-06-08,128.7,1390.0,139.6
2020-06-15,130.2,1402.0,141.1
2020-06-22,130.9,1408.0,141.8
2020-06-29,131.1,1410.0,142.0
2020-07-06,131.3,1413.0,142.2
2020-07-13,131.8,1415.0,142.7
2020-07-20,132.2,1419.0,143.1
2020-07-27,132.3,1419.0,143.2
2020-08-03,134.5,1447.0,145.4
2020-08-11,135.6,1459.0,146.4
2020-08-17,135.5,1459.0,146.4
2020-08-24,135.3,1459.0,146.2
2020-08-31,135.2,1458.0,146.1
2020-09-07,135.5,1461.0,146.4
2020-09-14,135.8,1462.0,146.7
2020-09-23,135.0,1457.0,145.8
2020-09-28,134.7,1453.0,145.6
2020-10-05,134.6,1453.0,145.5
2020-10-12,134.1,1448.0,145.0
2020-10-19,134.0,1443.0,144.9
2020-10-26,133.9,1438.0,144.7
2020-11-02,133.5,1433.0,144.4
2020-11-09,132.9,1422.0,143.7
2020-11-16,132.5,1418.0,143.4
2020-11-24,133.1,1419.0,143.9
2020-11-30,133.4,1421.0,144.3
2020-12-07,134.2,1428.0,145.1
2020-12-14,134.7,1434.0,145.6
2020-12-21,135.4,1441.0,146.3
2021-01-04,136.1,1449.0,147.0
2021-01-12,136.5,1455.0,147.3
2021-01-18,137.6,1470.0,148.5
2021-01-25,138.9,1487.0,149.8
2021-02-01,139.3,1494.0,150.2
2021-02-08,139.6,1499.0,150.5
2021-02-15,141.4,1523.0,152.3
2021-02-22,143.1,1544.0,154.0
2021-03-01,144.6,1566.0,155.5
2021-03-08,146.1,1584.0,156.9
2021-03-15,147.3,1601.0,158.2
2021-03-22,149.7,1635.0,160.5
2021-03-29,150.3,1643.0,161.2
2021-04-05,150.3,1649.0,161.1
2021-04-12,150.4,1651.0,161.1
2021-04-19,150.4,1653.0,161.2
2021-04-26,150.5,1654.0,161.3
2021-05-10,150.6,1655.0,161.4
2021-05-17,151.8,1669.0,162.6
2021-05-24,152.6,1677.0,163.4
2021-05-31,152.5,1678.0,163.3
2021-06-07,152.9,1684.0,163.7
2021-06-14,154.5,1701.0,165.4
2021-06-21,155.6,1715.0,166.4
2021-06-28,156.3,1725.0,167.1
2021-07-05,157.5,1739.0,168.2
2021-07-12,158.0,1749.0,168.8
2021-07-19,158.3,1754.0,169.2
2021-07-26,158.4,1756.0,169.2
2021-08-02,158.2,1756.0,169.0
2021-08-10,158.5,1758.0,169.3
2021-08-16,158.6,1762.0,169.4
2021-08-23,158.2,1758.0,169.0
2021-08-30,157.8,1754.0,168.6
2021-09-06,158.1,1758.0,168.9
2021-09-13,158.3,1759.0,169.1
2021-09-21,158.4,1761.0,169.2
2021-09-27,158.7,1765.0,169.6
2021-10-04,160.0,1783.0,170.8
2021-10-11,162.1,1814.0,172.9
2021-10-18,164.6,1860.0,175.5
2021-10-25,167.3,1910.0,178.2
2021-11-01,168.7,1939.0,179.6
2021-11-08,169.0,1949.0,179.8
2021-11-15,168.9,1950.0,179.7
2021-11-22,168.7,1950.0,179.6
2021-11-29,168.6,1952.0,179.4
2021-12-06,168.0,1947.0,178.8
2021-12-13,165.9,1925.0,176.7
2021-12-20,165.1,1915.0,175.9
2022-01-04,164.7,1911.0,175.4
2022-01-11,166.5,1934.0,177.3
2022-01-17,168.4,1958.0,179.2
2022-01-24,170.2,1987.0,181.0
2022-01-31,170.9,1998.0,181.7
2022-02-07,171.2,2005.0,182.1
2022-02-14,171.4,2011.0,182.2
2022-02-21,172.0,2020.0,182.8
2022-02-28,172.8,2033.0,183.6
2022-03-07,174.6,2060.0,185.4
2022-03-14,175.2,2071.0,186.0
2022-03-22,174.6,2068.0,185.4
2022-03-28,174.0,2061.0,184.8
2022-04-04,174.1,2061.0,184.9
2022-04-11,174.0,2062.0,184.8
2022-04-18,173.5,2058.0,184.3
2022-04-25,172.8,2051.0,183.6
2022-05-09,171.1,2034.0,181.9
2022-05-16,170.4,2027.0,181.2
2022-05-23,168.8,2009.0,179.6
2022-05-30,168.2,2002.0,178.9
2022-06-06,169.8,2018.0,180.6
2022-06-13,171.2,2033.0,182.0
2022-06-20,173.9,2063.0,184.8
2022-06-27,174.9,2076.0,185.8
2022-07-04,173.6,2063.0,184.4
2022-07-11,172.7,2057.0,183.5
2022-07-19,171.4,2044.0,182.2
2022-07-25,170.4,2033.0,181.1
2022-08-01,169.9,2030.0,180.7
2022-08-08,170.1,2032.0,180.9
2022-08-15,169.8,2027.0,180.5
2022-08-22,169.0,2019.0,179.7
2022-08-29,168.5,2016.0,179.3
2022-09-05,169.6,2024.0,180.4
2022-09-12,170.1,2027.0,180.9
2022-09-20,169.7,2024.0,180.5
2022-09-26,169.5,2025.0,180.3
2022-10-03,169.1,2020.0,179.9
2022-10-11,168.7,2017.0,179.5
2022-10-17,169.1,2021.0,179.9
2022-10-24,169.2,2019.0,180.0
2022-10-31,169.1,2019.0,179.9
2022-11-07,168.1,2008.0,178.9
2022-11-14,167.8,2005.0,178.6
2022-11-21,167.6,2002.0,178.5
2022-11-28,167.6,2002.0,178.4
2022-12-05,168.1,2003.0,178.9
2022-12-12,168.2,2004.0,179.0
2022-12-19,168.1,2001.0,178.9
2022-12-26,167.9,2000.0,178.7
2023-01-10,168.2,2004.0,179.0
2023-01-16,168.2,2003.0,179.0
2023-01-23,168.1,2002.0,178.9
2023-01-30,168.1,2002.0,178.9
2023-02-06,167.6,1998.0,178.4
2023-02-13,167.4,1997.0,178.1
2023-02-20,167.4,1997.0,178.2
2023-02-27,167.4,1995.0,178.2
2023-03-06,167.4,1997.0,178.2
2023-03-13,167.4,1995.0,178.2
2023-03-20,167.5,1997.0,178.3
2023-03-27,168.0,2000.0,178.7
2023-04-03,168.1,1999.0,178.9
2023-04-10,168.3,2000.0,179.1
2023-04-17,168.2,1999.0,179.0
2023-04-24,168.1,1998.0,178.9
2023-05-08,167.8,1996.0,178.6
2023-05-15,167.8,1994.0,178.5
2023-05-22,168.1,1998.0,178.8
2023-05-29,168.4,1999.0,179.1
2023-06-05,168.7,2001.0,179.5
2023-06-12,169.3,2008.0,180.0
2023-06-19,170.1,2015.0,180.9
2023-06-26,171.0,2025.0,181.8
2023-07-03,172.5,2042.0,183.3
2023-07-10,173.3,2053.0,184.1
2023-07-18,174.0,2060.0,184.8
2023-07-24,174.8,2073.0,185.6
2023-07-31,176.7,2096.0,187.5
2023-08-07,180.3,2148.0,191.2
2023-08-14,181.9,2171.0,192.7
2023-08-21,183.7,2200.0,194.6
2023-08-28,185.6,2232.0,196.5
2023-09-04,186.5,2249.0,197.3
2023-09-11,184.8,2232.0,195.7
2023-09-19,182.0,2204.0,192.8
2023-09-25,180.5,2187.0,191.3
2023-10-02,179.3,2174.0,190.2
2023-10-10,176.9,2142.0,187.7
2023-10-16,174.7,2114.0,185.5
2023-10-23,173.4,2094.0,184.2
2023-10-30,173.4,2088.0,184.2
2023-11-06,173.4,2084.0,184.2
2023-11-13,173.5,2083.0,184.4
2023-11-20,173.7,2082.0,184.5
2023-11-27,174.0,2085.0,184.9
2023-12-04,174.7,2092.0,185.6
2023-12-11,175.1,2099.0,185.9
2023-12-18,175.1,2099.0,185.9
2023-12-25,175.0,2098.0,185.8
2024-01-09,175.5,2105.0,186.3
2024-01-15,175.3,2103.0,186.0
2024-01-22,175.2,2104.0,186.0
2024-01-29,175.0,2103.0,185.8
2024-02-05,174.6,2101.0,185.4
2024-02-13,174.4,2098.0,185.2
2024-02-19,174.3,2099.0,185.1
2024-02-26,174.7,2103.0,185.5
2024-03-04,174.5,2098.0,185.3
2024-03-11,174.3,2099.0,185.1
2024-03-18,174.3,2099.0,185.1
2024-03-25,174.4,2099.0,185.2
2024-04-01,174.6,2100.0,185.4
2024-04-08,175.0,2106.0,185.8
2024-04-15,174.9,2106.0,185.7
2024-04-22,175.0,2107.0,185.8
2024-04-30,174.7,2104.0,185.5
2024-05-07,174.7,2105.0,185.5
2024-05-13,174.5,2105.0,185.3
2024-05-20,174.8,2106.0,185.6
2024-05-27,175.0,2106.0,185.7
2024-06-03,174.8,2107.0,185.6
2024-06-10,174.8,2107.0,185.5
2024-06-17,174.7,2107.0,185.4
2024-06-24,174.8,2107.0,185.6
2024-07-01,175.6,2115.0,186.4
2024-07-08,176.2,2120.0,186.9
2024-07-16,175.9,2117.0,186.7
2024-07-22,175.4,2114.0,186.1
2024-07-29,174.9,2110.0,185.7
2024-08-05,174.6,2108.0,185.4
2024-08-13,174.6,2109.0,185.4
2024-08-19,174.5,2109.0,185.3
2024-08-26,174.5,2109.0,185.3
2024-09-02,174.4,2108.0,185.2
2024-09-09,174.5,2105.0,185.2
2024-09-17,174.6,2107.0,185.4
2024-09-24,174.7,2108.0,185.4
2024-09-30,174.8,2110.0,185.5
2024-10-07,175.0,2112.0,185.7
2024-10-15,174.9,2112.0,185.6
2024-10-21,174.9,2112.0,185.6
2024-10-28,174.8,2112.0,185.6
2024-11-05,174.5,2110.0,185.3
2024-11-11,174.7,2110.0,185.5
2024-11-18,174.8,2111.0,185.6
2024-11-25,174.9,2110.0,185.6
2024-12-02,175.4,2117.0,186.2
2024-12-09,175.7,2118.0,186.4
2024-12-16,175.8,2121.0,186.6
2024-12-23,180.6,2201.0,191.4
2025-01-06,180.6,2205.0,191.3
2025-01-14,180.7,2207.0,191.4
2025-01-20,185.1,2280.0,195.9
2025-01-27,185.1,2285.0,195.9
2025-02-03,184.6,2282.0,195.4
2025-02-10,184.5,2282.0,195.3
2025-02-17,184.4,2282.0,195.2
2025-02-25,184.3,2281.0,195.1
2025-03-03,184.1,2281.0,194.9
2025-03-10,184.1,2281.0,194.9
2025-03-17,184.6,2286.0,195.3
2025-03-24,184.5,2285.0,195.3
2025-03-31,184.9,2288.0,195.6
2025-04-07,186.3,2308.0,197.1
2025-04-14,186.5,2310.0,197.3
2025-04-21,185.1,2295.0,196.0
2025-04-28,184.5,2289.0,195.2
2025-05-12,183.0,2272.0,193.7
2025-05-19,182.1,2264.0,192.8
2025-05-26,177.6,2225.0,188.2
2025-06-02,174.3,2198.0,185.0
2025-06-09,172.2,2183.0,183.0
2025-06-16,171.2,2178.0,181.9
2025-06-23,172.8,2194.0,183.6
2025-06-30,174.2,2211.0,184.9
2025-07-07,173.6,2205.0,184.3
2025-07-14,173.2,2203.0,184.0
2025-07-22,173.6,2207.0,184.3
2025-07-28,174.0,2213.0,184.8
2025-08-04,174.2,2212.0,184.9
2025-08-12,174.9,2222.0,185.6
2025-08-18,174.7,2221.0,185.4
2025-08-25,174.2,2217.0,185.0
2025-09-01,174.1,2215.0,184.9
2025-09-08,174.8,2225.0,185.6
2025-09-16,175.2,2225.0,185.9
2025-09-22,175.3,2228.0,186.0
2025-09-29,175.2,2227.0,185.9
2025-10-06,175.4,2229.0,186.1
2025-10-14,174.7,2223.0,185.4
2025-10-20,174.5,2223.0,185.3
2025-10-27,173.5,2210.0,184.3
2025-11-04,173.6,2211.0,184.3
2025-11-10,173.5,2210.0,184.3
2025-11-17,169.8,2204.0,180.5
2025-11-25,168.8,2205.0,179.6
2025-12-01,164.8,2203.0,175.6
2025-12-08,163.7,2200.0,174.5
2025-12-15,159.7,2201.0,170.4
2025-12-22,158.0,2198.0,168.8
2026-01-05,155.7,2181.0,166.5
2026-01-13,155.1,2176.0,166.0
2026-01-19,154.7,2173.0,165.5
2026-01-26,155.4,2182.0,166.3
2026-02-02,155.6,2184.0,166.4
2026-02-09,155.5,2183.0,166.3
2026-02-16,156.7,2196.0,167.5
2026-02-24,157.1,2200.0,167.9
2026-03-02,158.5,2220.0,169.3
2026-03-09,161.8,2267.0,172.6
