date,n_total,n_tanker
2019-01-01,55,35
2019-01-02,65,42
2019-01-03,75,50
2019-01-04,66,41
2019-01-05,62,33
2019-01-06,59,35
2019-01-07,79,56
2019-01-08,55,31
2019-01-09,48,25
2019-01-10,68,39
2019-01-11,66,42
2019-01-12,62,39
2019-01-13,48,26
2019-01-14,55,31
2019-01-15,56,30
2019-01-16,74,40
2019-01-17,55,39
2019-01-18,58,38
2019-01-19,55,34
2019-01-20,74,47
2019-01-21,62,38
2019-01-22,63,38
2019-01-23,62,44
2019-01-24,50,34
2019-01-25,54,34
2019-01-26,78,50
2019-01-27,60,38
2019-01-28,80,43
2019-01-29,55,34
2019-01-30,59,36
2019-01-31,57,32
2019-02-01,61,45
2019-02-02,50,31
2019-02-03,60,37
2019-02-04,56,37
2019-02-05,60,31
2019-02-06,62,33
2019-02-07,61,36
2019-02-08,64,41
2019-02-09,61,43
2019-02-10,68,45
2019-02-11,44,27
2019-02-12,57,34
2019-02-13,53,28
2019-02-14,70,38
2019-02-15,67,43
2019-02-16,70,41
2019-02-17,66,40
2019-02-18,75,47
2019-02-19,65,33
2019-02-20,79,51
2019-02-21,68,40
2019-02-22,78,44
2019-02-23,79,50
2019-02-24,77,44
2019-02-25,75,43
2019-02-26,55,29
2019-02-27,60,36
2019-02-28,70,41
2019-03-01,72,50
2019-03-02,57,35
2019-03-03,68,47
2019-03-04,70,46
2019-03-05,64,41
2019-03-06,86,52
2019-03-07,71,43
2019-03-08,75,46
2019-03-09,75,46
2019-03-10,50,36
2019-03-11,45,25
2019-03-12,57,39
2019-03-13,71,41
2019-03-14,69,38
2019-03-15,59,36
2019-03-16,61,36
2019-03-17,65,41
2019-03-18,66,47
2019-03-19,80,44
2019-03-20,69,43
2019-03-21,77,46
2019-03-22,58,41
2019-03-23,59,30
2019-03-24,66,40
2019-03-25,50,30
2019-03-26,58,33
2019-03-27,62,39
2019-03-28,79,49
2019-03-29,87,48
2019-03-30,106,71
2019-03-31,71,41
2019-04-01,67,43
2019-04-02,58,30
2019-04-03,67,37
2019-04-04,54,38
2019-04-05,89,51
2019-04-06,79,51
2019-04-07,66,44
2019-04-08,76,49
2019-04-09,93,59
2019-04-10,60,34
2019-04-11,65,40
2019-04-12,74,49
2019-04-13,69,42
2019-04-14,60,35
2019-04-15,75,46
2019-04-16,80,50
2019-04-17,82,48
2019-04-18,102,59
2019-04-19,91,62
2019-04-20,97,59
2019-04-21,89,47
2019-04-22,80,40
2019-04-23,72,41
2019-04-24,66,45
2019-04-25,69,39
2019-04-26,64,41
2019-04-27,97,60
2019-04-28,77,40
2019-04-29,96,54
2019-04-30,73,43
2019-05-01,85,52
2019-05-02,101,65
2019-05-03,97,53
2019-05-04,83,48
2019-05-05,81,50
2019-05-06,88,49
2019-05-07,87,55
2019-05-08,100,60
2019-05-09,92,50
2019-05-10,82,53
2019-05-11,93,55
2019-05-12,94,62
2019-05-13,77,50
2019-05-14,66,38
2019-05-15,80,49
2019-05-16,85,58
2019-05-17,93,51
2019-05-18,90,56
2019-05-19,68,47
2019-05-20,85,49
2019-05-21,70,48
2019-05-22,69,40
2019-05-23,70,49
2019-05-24,89,52
2019-05-25,84,52
2019-05-26,94,60
2019-05-27,92,56
2019-05-28,74,43
2019-05-29,89,51
2019-05-30,93,62
2019-05-31,87,50
2019-06-01,80,39
2019-06-02,95,62
2019-06-03,86,57
2019-06-04,101,67
2019-06-05,93,59
2019-06-06,75,40
2019-06-07,87,50
2019-06-08,89,52
2019-06-09,75,46
2019-06-10,95,55
2019-06-11,90,54
2019-06-12,71,48
2019-06-13,70,41
2019-06-14,82,44
2019-06-15,80,50
2019-06-16,90,64
2019-06-17,75,49
2019-06-18,74,45
2019-06-19,79,50
2019-06-20,78,45
2019-06-21,79,45
2019-06-22,81,48
2019-06-23,77,46
2019-06-24,110,74
2019-06-25,93,64
2019-06-26,84,52
2019-06-27,87,53
2019-06-28,76,45
2019-06-29,88,61
2019-06-30,92,52
2019-07-01,96,58
2019-07-02,72,38
2019-07-03,98,65
2019-07-04,100,50
2019-07-05,98,61
2019-07-06,103,56
2019-07-07,81,46
2019-07-08,77,44
2019-07-09,88,57
2019-07-10,86,47
2019-07-11,90,51
2019-07-12,97,57
2019-07-13,90,58
2019-07-14,81,41
2019-07-15,89,48
2019-07-16,82,48
2019-07-17,79,49
2019-07-18,79,51
2019-07-19,71,40
2019-07-20,80,44
2019-07-21,83,52
2019-07-22,94,52
2019-07-23,78,48
2019-07-24,67,47
2019-07-25,87,54
2019-07-26,77,46
2019-07-27,64,38
2019-07-28,74,49
2019-07-29,87,51
2019-07-30,78,42
2019-07-31,83,48
2019-08-01,96,58
2019-08-02,84,50
2019-08-03,91,55
2019-08-04,105,70
2019-08-05,69,46
2019-08-06,85,50
2019-08-07,92,54
2019-08-08,89,54
2019-08-09,89,49
2019-08-10,94,61
2019-08-11,73,41
2019-08-12,72,42
2019-08-13,76,52
2019-08-14,79,51
2019-08-15,80,42
2019-08-16,67,46
2019-08-17,87,58
2019-08-18,92,59
2019-08-19,81,50
2019-08-20,67,42
2019-08-21,85,59
2019-08-22,62,38
2019-08-23,84,45
2019-08-24,88,49
2019-08-25,85,52
2019-08-26,85,53
2019-08-27,84,50
2019-08-28,75,49
2019-08-29,92,53
2019-08-30,90,59
2019-08-31,65,43
2019-09-01,84,46
2019-09-02,96,54
2019-09-03,59,34
2019-09-04,87,52
2019-09-05,85,49
2019-09-06,81,50
2019-09-07,79,47
2019-09-08,71,39
2019-09-09,77,53
2019-09-10,79,40
2019-09-11,74,44
2019-09-12,84,56
2019-09-13,83,49
2019-09-14,99,55
2019-09-15,77,46
2019-09-16,87,48
2019-09-17,75,45
2019-09-18,87,63
2019-09-19,84,58
2019-09-20,83,46
2019-09-21,90,53
2019-09-22,72,45
2019-09-23,78,44
2019-09-24,83,49
2019-09-25,58,31
2019-09-26,88,55
2019-09-27,75,49
2019-09-28,92,51
2019-09-29,90,57
2019-09-30,73,52
2019-10-01,91,56
2019-10-02,69,42
2019-10-03,63,36
2019-10-04,65,47
2019-10-05,71,42
2019-10-06,72,42
2019-10-07,72,51
2019-10-08,70,40
2019-10-09,72,43
2019-10-10,74,50
2019-10-11,74,49
2019-10-12,66,32
2019-10-13,61,42
2019-10-14,91,52
2019-10-15,98,61
2019-10-16,89,58
2019-10-17,91,59
2019-10-18,71,43
2019-10-19,82,53
2019-10-20,92,54
2019-10-21,81,49
2019-10-22,67,39
2019-10-23,74,42
2019-10-24,91,56
2019-10-25,76,43
2019-10-26,92,57
2019-10-27,67,38
2019-10-28,74,44
2019-10-29,61,42
2019-10-30,101,66
2019-10-31,64,37
2019-11-01,69,44
2019-11-02,70,43
2019-11-03,62,36
2019-11-04,65,41
2019-11-05,80,40
2019-11-06,57,39
2019-11-07,73,40
2019-11-08,81,54
2019-11-09,67,43
2019-11-10,58,36
2019-11-11,69,51
2019-11-12,75,51
2019-11-13,67,37
2019-11-14,55,34
2019-11-15,44,26
2019-11-16,61,36
2019-11-17,65,42
2019-11-18,46,19
2019-11-19,53,29
2019-11-20,60,43
2019-11-21,54,33
2019-11-22,53,29
2019-11-23,67,42
2019-11-24,57,37
2019-11-25,58,37
2019-11-26,60,39
2019-11-27,56,36
2019-11-28,65,44
2019-11-29,74,45
2019-11-30,61,40
2019-12-01,55,30
2019-12-02,67,41
2019-12-03,61,42
2019-12-04,64,40
2019-12-05,50,32
2019-12-06,40,24
2019-12-07,56,35
2019-12-08,62,45
2019-12-09,55,33
2019-12-10,49,34
2019-12-11,63,35
2019-12-12,67,45
2019-12-13,63,43
2019-12-14,69,43
2019-12-15,71,45
2019-12-16,57,34
2019-12-17,61,38
2019-12-18,66,39
2019-12-19,56,37
2019-12-20,63,45
2019-12-21,63,35
2019-12-22,65,43
2019-12-23,66,42
2019-12-24,85,45
2019-12-25,85,48
2019-12-26,82,53
2019-12-27,39,21
2019-12-28,81,48
2019-12-29,49,26
2019-12-30,76,46
2019-12-31,70,46
2020-01-01,82,58
2020-01-02,67,38
2020-01-03,69,43
2020-01-04,68,44
2020-01-05,75,40
2020-01-06,70,38
2020-01-07,67,45
2020-01-08,44,24
2020-01-09,63,40
2020-01-10,61,37
2020-01-11,83,50
2020-01-12,57,33
2020-01-13,66,29
2020-01-14,72,40
2020-01-15,66,39
2020-01-16,47,29
2020-01-17,72,41
2020-01-18,66,47
2020-01-19,74,43
2020-01-20,75,46
2020-01-21,67,35
2020-01-22,60,33
2020-01-23,62,37
2020-01-24,72,44
2020-01-25,72,38
2020-01-26,72,48
2020-01-27,57,38
2020-01-28,66,36
2020-01-29,65,32
2020-01-30,70,47
2020-01-31,68,42
2020-02-01,61,36
2020-02-02,66,45
2020-02-03,58,40
2020-02-04,66,41
2020-02-05,71,41
2020-02-06,66,42
2020-02-07,81,51
2020-02-08,76,52
2020-02-09,57,37
2020-02-10,54,29
2020-02-11,67,41
2020-02-12,65,41
2020-02-13,49,25
2020-02-14,56,33
2020-02-15,68,45
2020-02-16,57,29
2020-02-17,95,56
2020-02-18,73,38
2020-02-19,63,41
2020-02-20,97,58
2020-02-21,63,32
2020-02-22,68,40
2020-02-23,68,49
2020-02-24,63,35
2020-02-25,85,41
2020-02-26,67,44
2020-02-27,38,26
2020-02-28,67,45
2020-02-29,80,49
2020-03-01,58,38
2020-03-02,82,50
2020-03-03,73,44
2020-03-04,53,33
2020-03-05,61,35
2020-03-06,68,46
2020-03-07,58,36
2020-03-08,87,61
2020-03-09,62,35
2020-03-10,58,43
2020-03-11,56,31
2020-03-12,59,42
2020-03-13,72,46
2020-03-14,89,59
2020-03-15,54,30
2020-03-16,43,24
2020-03-17,55,34
2020-03-18,85,49
2020-03-19,65,37
2020-03-20,67,43
2020-03-21,67,45
2020-03-22,61,37
2020-03-23,64,40
2020-03-24,60,35
2020-03-25,55,32
2020-03-26,72,44
2020-03-27,62,37
2020-03-28,73,42
2020-03-29,50,37
2020-03-30,74,44
2020-03-31,67,39
2020-04-01,58,34
2020-04-02,85,54
2020-04-03,87,53
2020-04-04,62,35
2020-04-05,92,59
2020-04-06,85,55
2020-04-07,78,39
2020-04-08,89,49
2020-04-09,87,53
2020-04-10,82,53
2020-04-11,81,49
2020-04-12,80,52
2020-04-13,73,48
2020-04-14,54,29
2020-04-15,57,31
2020-04-16,79,59
2020-04-17,72,45
2020-04-18,67,41
2020-04-19,73,47
2020-04-20,79,54
2020-04-21,75,54
2020-04-22,66,37
2020-04-23,77,47
2020-04-24,84,56
2020-04-25,75,51
2020-04-26,85,54
2020-04-27,65,48
2020-04-28,93,53
2020-04-29,63,36
2020-04-30,73,36
2020-05-01,72,42
2020-05-02,80,57
2020-05-03,73,43
2020-05-04,92,57
2020-05-05,64,42
2020-05-06,94,55
2020-05-07,84,47
2020-05-08,83,52
2020-05-09,89,55
2020-05-10,85,40
2020-05-11,92,59
2020-05-12,80,53
2020-05-13,75,47
2020-05-14,94,60
2020-05-15,75,45
2020-05-16,86,57
2020-05-17,86,50
2020-05-18,59,38
2020-05-19,93,55
2020-05-20,85,48
2020-05-21,86,54
2020-05-22,61,40
2020-05-23,83,44
2020-05-24,70,44
2020-05-25,67,38
2020-05-26,84,51
2020-05-27,76,49
2020-05-28,75,49
2020-05-29,78,52
2020-05-30,72,39
2020-05-31,88,54
2020-06-01,79,48
2020-06-02,93,56
2020-06-03,85,49
2020-06-04,91,61
2020-06-05,78,45
2020-06-06,72,45
2020-06-07,77,47
2020-06-08,71,46
2020-06-09,84,49
2020-06-10,93,56
2020-06-11,77,49
2020-06-12,83,52
2020-06-13,83,53
2020-06-14,94,55
2020-06-15,76,46
2020-06-16,78,48
2020-06-17,92,54
2020-06-18,79,49
2020-06-19,94,49
2020-06-20,86,55
2020-06-21,92,61
2020-06-22,87,60
2020-06-23,88,58
2020-06-24,81,44
2020-06-25,74,46
2020-06-26,104,74
2020-06-27,76,50
2020-06-28,76,45
2020-06-29,97,58
2020-06-30,94,56
2020-07-01,64,36
2020-07-02,75,40
2020-07-03,90,56
2020-07-04,84,45
2020-07-05,90,57
2020-07-06,71,46
2020-07-07,100,65
2020-07-08,68,42
2020-07-09,80,44
2020-07-10,75,49
2020-07-11,88,58
2020-07-12,78,51
2020-07-13,85,53
2020-07-14,83,54
2020-07-15,80,51
2020-07-16,72,47
2020-07-17,82,54
2020-07-18,86,52
2020-07-19,73,46
2020-07-20,89,57
2020-07-21,76,51
2020-07-22,73,44
2020-07-23,72,48
2020-07-24,94,56
2020-07-25,91,62
2020-07-26,99,61
2020-07-27,91,57
2020-07-28,70,50
2020-07-29,84,45
2020-07-30,98,66
2020-07-31,89,57
2020-08-01,85,55
2020-08-02,83,51
2020-08-03,92,60
2020-08-04,100,65
2020-08-05,80,47
2020-08-06,105,65
2020-08-07,83,52
2020-08-08,90,64
2020-08-09,86,50
2020-08-10,79,50
2020-08-11,81,58
2020-08-12,86,62
2020-08-13,87,46
2020-08-14,95,58
2020-08-15,111,75
2020-08-16,88,56
2020-08-17,76,43
2020-08-18,90,56
2020-08-19,85,47
2020-08-20,100,59
2020-08-21,67,41
2020-08-22,67,42
2020-08-23,92,56
2020-08-24,67,48
2020-08-25,74,55
2020-08-26,70,45
2020-08-27,88,49
2020-08-28,72,36
2020-08-29,85,48
2020-08-30,91,51
2020-08-31,73,42
2020-09-01,89,55
2020-09-02,84,43
2020-09-03,80,45
2020-09-04,85,62
2020-09-05,82,54
2020-09-06,93,46
2020-09-07,101,61
2020-09-08,83,51
2020-09-09,86,50
2020-09-10,87,46
2020-09-11,87,58
2020-09-12,103,57
2020-09-13,89,62
2020-09-14,69,38
2020-09-15,74,47
2020-09-16,95,53
2020-09-17,94,56
2020-09-18,83,53
2020-09-19,89,42
2020-09-20,99,63
2020-09-21,106,53
2020-09-22,96,55
2020-09-23,74,46
2020-09-24,103,62
2020-09-25,100,60
2020-09-26,81,43
2020-09-27,104,61
2020-09-28,95,44
2020-09-29,71,40
2020-09-30,96,57
2020-10-01,89,51
2020-10-02,93,59
2020-10-03,108,64
2020-10-04,85,51
2020-10-05,88,51
2020-10-06,95,73
2020-10-07,93,59
2020-10-08,107,61
2020-10-09,90,53
2020-10-10,88,50
2020-10-11,77,41
2020-10-12,75,45
2020-10-13,72,41
2020-10-14,61,40
2020-10-15,100,68
2020-10-16,76,47
2020-10-17,84,47
2020-10-18,80,58
2020-10-19,80,44
2020-10-20,89,51
2020-10-21,92,60
2020-10-22,83,52
2020-10-23,107,59
2020-10-24,99,63
2020-10-25,76,46
2020-10-26,102,60
2020-10-27,93,57
2020-10-28,87,53
2020-10-29,74,41
2020-10-30,91,59
2020-10-31,87,44
2020-11-01,94,56
2020-11-02,88,58
2020-11-03,76,50
2020-11-04,87,49
2020-11-05,90,49
2020-11-06,70,43
2020-11-07,79,48
2020-11-08,71,50
2020-11-09,70,44
2020-11-10,94,61
2020-11-11,91,55
2020-11-12,78,52
2020-11-13,62,39
2020-11-14,58,35
2020-11-15,59,35
2020-11-16,59,33
2020-11-17,67,43
2020-11-18,66,43
2020-11-19,69,41
2020-11-20,69,36
2020-11-21,69,42
2020-11-22,68,41
2020-11-23,57,35
2020-11-24,60,31
2020-11-25,76,49
2020-11-26,58,37
2020-11-27,78,49
2020-11-28,71,49
2020-11-29,58,38
2020-11-30,67,40
2020-12-01,69,37
2020-12-02,86,55
2020-12-03,93,63
2020-12-04,83,53
2020-12-05,73,49
2020-12-06,50,30
2020-12-07,66,49
2020-12-08,63,34
2020-12-09,62,40
2020-12-10,63,37
2020-12-11,67,46
2020-12-12,58,39
2020-12-13,65,38
2020-12-14,65,42
2020-12-15,64,34
2020-12-16,71,36
2020-12-17,65,48
2020-12-18,59,33
2020-12-19,65,37
2020-12-20,69,43
2020-12-21,63,41
2020-12-22,57,38
2020-12-23,72,43
2020-12-24,64,41
2020-12-25,74,40
2020-12-26,70,54
2020-12-27,60,41
2020-12-28,66,34
2020-12-29,63,43
2020-12-30,85,52
2020-12-31,71,42
2021-01-01,71,42
2021-01-02,78,44
2021-01-03,72,49
2021-01-04,64,41
2021-01-05,78,51
2021-01-06,79,50
2021-01-07,63,41
2021-01-08,61,35
2021-01-09,67,44
2021-01-10,53,37
2021-01-11,70,42
2021-01-12,66,39
2021-01-13,66,38
2021-01-14,69,43
2021-01-15,84,51
2021-01-16,77,47
2021-01-17,71,49
2021-01-18,91,51
2021-01-19,116,58
2021-01-20,86,57
2021-01-21,84,52
2021-01-22,61,33
2021-01-23,59,38
2021-01-24,50,30
2021-01-25,72,52
2021-01-26,71,44
2021-01-27,98,67
2021-01-28,70,49
2021-01-29,93,52
2021-01-30,74,40
2021-01-31,83,52
2021-02-01,70,37
2021-02-02,60,36
2021-02-03,81,58
2021-02-04,86,55
2021-02-05,76,48
2021-02-06,70,46
2021-02-07,60,41
2021-02-08,63,42
2021-02-09,76,56
2021-02-10,71,38
2021-02-11,84,44
2021-02-12,88,61
2021-02-13,77,48
2021-02-14,81,55
2021-02-15,101,64
2021-02-16,77,43
2021-02-17,82,46
2021-02-18,74,44
2021-02-19,77,45
2021-02-20,73,43
2021-02-21,53,29
2021-02-22,71,42
2021-02-23,79,49
2021-02-24,69,44
2021-02-25,74,50
2021-02-26,63,40
2021-02-27,72,45
2021-02-28,50,26
2021-03-01,77,47
2021-03-02,75,40
2021-03-03,83,48
2021-03-04,73,51
2021-03-05,68,40
2021-03-06,75,39
2021-03-07,49,32
2021-03-08,82,47
2021-03-09,90,53
2021-03-10,57,39
2021-03-11,87,60
2021-03-12,71,46
2021-03-13,63,37
2021-03-14,62,42
2021-03-15,86,50
2021-03-16,90,54
2021-03-17,71,43
2021-03-18,76,50
2021-03-19,83,50
2021-03-20,76,39
2021-03-21,71,46
2021-03-22,68,46
2021-03-23,90,45
2021-03-24,90,57
2021-03-25,87,55
2021-03-26,58,37
2021-03-27,83,53
2021-03-28,73,46
2021-03-29,79,48
2021-03-30,96,59
2021-03-31,92,53
2021-04-01,104,57
2021-04-02,82,52
2021-04-03,105,67
2021-04-04,89,58
2021-04-05,76,54
2021-04-06,62,29
2021-04-07,110,71
2021-04-08,100,66
2021-04-09,118,71
2021-04-10,92,56
2021-04-11,84,53
2021-04-12,74,43
2021-04-13,76,48
2021-04-14,60,38
2021-04-15,85,48
2021-04-16,96,60
2021-04-17,94,60
2021-04-18,89,50
2021-04-19,90,53
2021-04-20,101,63
2021-04-21,102,57
2021-04-22,101,59
2021-04-23,89,53
2021-04-24,106,59
2021-04-25,78,46
2021-04-26,74,47
2021-04-27,82,46
2021-04-28,83,51
2021-04-29,68,41
2021-04-30,75,38
2021-05-01,67,31
2021-05-02,82,56
2021-05-03,84,62
2021-05-04,80,44
2021-05-05,63,42
2021-05-06,90,57
2021-05-07,98,60
2021-05-08,97,62
2021-05-09,76,52
2021-05-10,90,49
2021-05-11,101,57
2021-05-12,102,57
2021-05-13,101,70
2021-05-14,88,56
2021-05-15,60,46
2021-05-16,79,43
2021-05-17,81,44
2021-05-18,81,54
2021-05-19,85,51
2021-05-20,83,50
2021-05-21,90,50
2021-05-22,89,57
2021-05-23,80,55
2021-05-24,91,56
2021-05-25,77,47
2021-05-26,80,52
2021-05-27,89,57
2021-05-28,81,43
2021-05-29,96,60
2021-05-30,86,60
2021-05-31,91,54
2021-06-01,103,60
2021-06-02,86,58
2021-06-03,95,62
2021-06-04,97,56
2021-06-05,99,59
2021-06-06,86,45
2021-06-07,86,61
2021-06-08,84,59
2021-06-09,91,51
2021-06-10,94,46
2021-06-11,97,62
2021-06-12,94,49
2021-06-13,91,60
2021-06-14,84,48
2021-06-15,86,50
2021-06-16,101,58
2021-06-17,87,57
2021-06-18,100,72
2021-06-19,85,51
2021-06-20,87,51
2021-06-21,87,60
2021-06-22,95,61
2021-06-23,98,58
2021-06-24,85,53
2021-06-25,106,68
2021-06-26,82,48
2021-06-27,77,52
2021-06-28,96,63
2021-06-29,84,50
2021-06-30,87,55
2021-07-01,98,57
2021-07-02,92,60
2021-07-03,88,49
2021-07-04,80,48
2021-07-05,92,57
2021-07-06,79,47
2021-07-07,109,65
2021-07-08,80,49
2021-07-09,99,58
2021-07-10,81,54
2021-07-11,81,61
2021-07-12,85,55
2021-07-13,79,45
2021-07-14,92,61
2021-07-15,78,42
2021-07-16,78,47
2021-07-17,84,60
2021-07-18,75,52
2021-07-19,95,60
2021-07-20,93,63
2021-07-21,85,57
2021-07-22,81,50
2021-07-23,101,68
2021-07-24,82,42
2021-07-25,78,54
2021-07-26,95,57
2021-07-27,102,66
2021-07-28,98,68
2021-07-29,77,47
2021-07-30,93,55
2021-07-31,83,59
2021-08-01,84,47
2021-08-02,84,56
2021-08-03,93,54
2021-08-04,100,67
2021-08-05,91,54
2021-08-06,100,61
2021-08-07,86,52
2021-08-08,86,57
2021-08-09,90,52
2021-08-10,82,52
2021-08-11,71,40
2021-08-12,87,50
2021-08-13,95,56
2021-08-14,94,55
2021-08-15,82,50
2021-08-16,71,43
2021-08-17,68,47
2021-08-18,58,39
2021-08-19,78,43
2021-08-20,77,56
2021-08-21,105,65
2021-08-22,78,46
2021-08-23,88,54
2021-08-24,85,50
2021-08-25,72,43
2021-08-26,99,64
2021-08-27,102,64
2021-08-28,85,50
2021-08-29,86,50
2021-08-30,88,56
2021-08-31,90,57
2021-09-01,83,49
2021-09-02,95,62
2021-09-03,92,48
2021-09-04,78,53
2021-09-05,75,54
2021-09-06,79,43
2021-09-07,79,51
2021-09-08,90,55
2021-09-09,100,66
2021-09-10,82,51
2021-09-11,75,43
2021-09-12,79,51
2021-09-13,76,51
2021-09-14,95,54
2021-09-15,96,59
2021-09-16,111,66
2021-09-17,88,53
2021-09-18,109,68
2021-09-19,84,58
2021-09-20,84,56
2021-09-21,83,51
2021-09-22,87,48
2021-09-23,74,49
2021-09-24,106,64
2021-09-25,112,71
2021-09-26,84,57
2021-09-27,80,47
2021-09-28,91,59
2021-09-29,100,52
2021-09-30,100,62
2021-10-01,94,57
2021-10-02,81,55
2021-10-03,68,49
2021-10-04,81,49
2021-10-05,92,50
2021-10-06,102,61
2021-10-07,85,48
2021-10-08,111,76
2021-10-09,99,66
2021-10-10,94,52
2021-10-11,49,32
2021-10-12,76,46
2021-10-13,86,46
2021-10-14,97,63
2021-10-15,101,70
2021-10-16,92,59
2021-10-17,83,49
2021-10-18,88,62
2021-10-19,77,46
2021-10-20,103,60
2021-10-21,86,56
2021-10-22,72,50
2021-10-23,90,49
2021-10-24,94,60
2021-10-25,77,45
2021-10-26,73,44
2021-10-27,69,47
2021-10-28,65,40
2021-10-29,82,43
2021-10-30,87,53
2021-10-31,81,53
2021-11-01,101,69
2021-11-02,81,46
2021-11-03,97,57
2021-11-04,71,51
2021-11-05,83,51
2021-11-06,69,44
2021-11-07,65,39
2021-11-08,61,40
2021-11-09,94,53
2021-11-10,90,51
2021-11-11,103,66
2021-11-12,66,37
2021-11-13,88,51
2021-11-14,91,57
2021-11-15,83,52
2021-11-16,93,61
2021-11-17,90,62
2021-11-18,75,34
2021-11-19,89,56
2021-11-20,91,62
2021-11-21,94,57
2021-11-22,100,61
2021-11-23,106,64
2021-11-24,90,52
2021-11-25,102,62
2021-11-26,104,63
2021-11-27,99,52
2021-11-28,72,46
2021-11-29,101,57
2021-11-30,77,42
2021-12-01,101,65
2021-12-02,83,49
2021-12-03,95,71
2021-12-04,80,54
2021-12-05,81,49
2021-12-06,84,51
2021-12-07,99,75
2021-12-08,89,54
2021-12-09,92,57
2021-12-10,91,58
2021-12-11,84,53
2021-12-12,88,58
2021-12-13,81,52
2021-12-14,95,61
2021-12-15,96,62
2021-12-16,70,43
2021-12-17,87,51
2021-12-18,98,57
2021-12-19,99,62
2021-12-20,77,51
2021-12-21,76,49
2021-12-22,90,51
2021-12-23,88,54
2021-12-24,109,72
2021-12-25,106,63
2021-12-26,88,51
2021-12-27,76,53
2021-12-28,77,47
2021-12-29,98,55
2021-12-30,87,58
2021-12-31,88,57
2022-01-01,78,48
2022-01-02,81,55
2022-01-03,74,49
2022-01-04,86,57
2022-01-05,88,53
2022-01-06,85,49
2022-01-07,71,45
2022-01-08,93,52
2022-01-09,92,68
2022-01-10,95,57
2022-01-11,83,52
2022-01-12,94,52
2022-01-13,78,59
2022-01-14,91,55
2022-01-15,80,51
2022-01-16,94,57
2022-01-17,84,58
2022-01-18,93,62
2022-01-19,87,50
2022-01-20,85,55
2022-01-21,72,51
2022-01-22,67,39
2022-01-23,81,45
2022-01-24,87,55
2022-01-25,104,69
2022-01-26,101,63
2022-01-27,97,66
2022-01-28,90,56
2022-01-29,103,69
2022-01-30,96,56
2022-01-31,87,53
2022-02-01,97,53
2022-02-02,93,56
2022-02-03,106,71
2022-02-04,100,62
2022-02-05,102,62
2022-02-06,81,54
2022-02-07,73,48
2022-02-08,108,59
2022-02-09,104,63
2022-02-10,95,54
2022-02-11,111,66
2022-02-12,95,60
2022-02-13,95,51
2022-02-14,81,57
2022-02-15,93,57
2022-02-16,104,54
2022-02-17,93,58
2022-02-18,97,60
2022-02-19,109,56
2022-02-20,95,69
2022-02-21,88,64
2022-02-22,82,59
2022-02-23,103,65
2022-02-24,96,51
2022-02-25,114,75
2022-02-26,90,59
2022-02-27,98,61
2022-02-28,90,55
2022-03-01,82,47
2022-03-02,90,60
2022-03-03,102,69
2022-03-04,99,64
2022-03-05,91,57
2022-03-06,102,60
2022-03-07,82,50
2022-03-08,100,66
2022-03-09,87,52
2022-03-10,106,66
2022-03-11,102,62
2022-03-12,102,52
2022-03-13,111,75
2022-03-14,109,64
2022-03-15,96,55
2022-03-16,111,71
2022-03-17,78,42
2022-03-18,55,36
2022-03-19,86,53
2022-03-20,88,58
2022-03-21,103,63
2022-03-22,105,64
2022-03-23,110,71
2022-03-24,124,80
2022-03-25,107,62
2022-03-26,100,65
2022-03-27,91,58
2022-03-28,78,51
2022-03-29,77,44
2022-03-30,76,38
2022-03-31,105,69
2022-04-01,116,73
2022-04-02,114,68
2022-04-03,101,71
2022-04-04,99,66
2022-04-05,109,61
2022-04-06,112,69
2022-04-07,100,69
2022-04-08,87,51
2022-04-09,109,62
2022-04-10,102,56
2022-04-11,92,61
2022-04-12,103,66
2022-04-13,104,57
2022-04-14,99,62
2022-04-15,97,71
2022-04-16,88,54
2022-04-17,100,69
2022-04-18,101,61
2022-04-19,94,58
2022-04-20,98,65
2022-04-21,96,51
2022-04-22,108,69
2022-04-23,116,71
2022-04-24,93,51
2022-04-25,95,58
2022-04-26,116,77
2022-04-27,101,61
2022-04-28,102,60
2022-04-29,101,66
2022-04-30,82,49
2022-05-01,91,59
2022-05-02,99,62
2022-05-03,100,66
2022-05-04,99,58
2022-05-05,101,67
2022-05-06,114,64
2022-05-07,107,59
2022-05-08,102,58
2022-05-09,100,67
2022-05-10,86,48
2022-05-11,108,66
2022-05-12,97,62
2022-05-13,69,42
2022-05-14,86,52
2022-05-15,72,48
2022-05-16,92,55
2022-05-17,109,65
2022-05-18,94,62
2022-05-19,105,60
2022-05-20,98,62
2022-05-21,100,58
2022-05-22,90,68
2022-05-23,87,62
2022-05-24,93,58
2022-05-25,86,45
2022-05-26,89,63
2022-05-27,106,69
2022-05-28,97,67
2022-05-29,104,62
2022-05-30,104,69
2022-05-31,88,60
2022-06-01,103,64
2022-06-02,112,70
2022-06-03,98,60
2022-06-04,84,49
2022-06-05,98,63
2022-06-06,97,67
2022-06-07,108,66
2022-06-08,118,63
2022-06-09,83,60
2022-06-10,112,72
2022-06-11,92,57
2022-06-12,94,63
2022-06-13,67,42
2022-06-14,116,73
2022-06-15,99,65
2022-06-16,112,69
2022-06-17,95,60
2022-06-18,85,53
2022-06-19,104,73
2022-06-20,103,60
2022-06-21,87,48
2022-06-22,108,64
2022-06-23,96,58
2022-06-24,90,56
2022-06-25,121,72
2022-06-26,92,62
2022-06-27,107,71
2022-06-28,92,55
2022-06-29,92,50
2022-06-30,117,77
2022-07-01,85,54
2022-07-02,98,58
2022-07-03,94,63
2022-07-04,106,68
2022-07-05,87,57
2022-07-06,91,57
2022-07-07,81,54
2022-07-08,109,73
2022-07-09,95,53
2022-07-10,82,56
2022-07-11,88,60
2022-07-12,81,48
2022-07-13,89,52
2022-07-14,122,81
2022-07-15,101,72
2022-07-16,93,54
2022-07-17,89,59
2022-07-18,104,66
2022-07-19,78,53
2022-07-20,105,67
2022-07-21,109,67
2022-07-22,78,62
2022-07-23,96,59
2022-07-24,93,60
2022-07-25,98,65
2022-07-26,105,65
2022-07-27,84,61
2022-07-28,92,55
2022-07-29,90,52
2022-07-30,93,62
2022-07-31,93,55
2022-08-01,95,61
2022-08-02,96,48
2022-08-03,109,59
2022-08-04,104,62
2022-08-05,110,66
2022-08-06,91,58
2022-08-07,93,64
2022-08-08,94,53
2022-08-09,88,54
2022-08-10,112,71
2022-08-11,106,65
2022-08-12,100,69
2022-08-13,97,57
2022-08-14,86,54
2022-08-15,93,59
2022-08-16,113,69
2022-08-17,122,72
2022-08-18,98,62
2022-08-19,120,71
2022-08-20,99,65
2022-08-21,88,59
2022-08-22,81,48
2022-08-23,103,63
2022-08-24,105,63
2022-08-25,113,71
2022-08-26,104,54
2022-08-27,112,68
2022-08-28,117,71
2022-08-29,99,59
2022-08-30,105,57
2022-08-31,98,61
2022-09-01,116,67
2022-09-02,100,67
2022-09-03,105,61
2022-09-04,102,62
2022-09-05,93,62
2022-09-06,98,54
2022-09-07,81,48
2022-09-08,89,56
2022-09-09,104,57
2022-09-10,102,68
2022-09-11,97,73
2022-09-12,114,69
2022-09-13,98,61
2022-09-14,111,54
2022-09-15,110,67
2022-09-16,106,71
2022-09-17,90,59
2022-09-18,89,49
2022-09-19,76,44
2022-09-20,98,60
2022-09-21,107,72
2022-09-22,89,63
2022-09-23,106,66
2022-09-24,121,63
2022-09-25,108,73
2022-09-26,100,54
2022-09-27,93,58
2022-09-28,97,58
2022-09-29,99,70
2022-09-30,103,63
2022-10-01,99,65
2022-10-02,101,66
2022-10-03,80,52
2022-10-04,89,56
2022-10-05,110,65
2022-10-06,84,52
2022-10-07,102,59
2022-10-08,98,59
2022-10-09,95,57
2022-10-10,94,52
2022-10-11,95,57
2022-10-12,110,64
2022-10-13,102,68
2022-10-14,104,59
2022-10-15,99,60
2022-10-16,94,58
2022-10-17,103,63
2022-10-18,100,57
2022-10-19,109,69
2022-10-20,90,58
2022-10-21,97,59
2022-10-22,94,59
2022-10-23,119,72
2022-10-24,98,68
2022-10-25,110,62
2022-10-26,113,72
2022-10-27,106,65
2022-10-28,119,78
2022-10-29,90,61
2022-10-30,99,60
2022-10-31,78,46
2022-11-01,103,60
2022-11-02,89,61
2022-11-03,109,64
2022-11-04,72,44
2022-11-05,96,59
2022-11-06,85,51
2022-11-07,91,55
2022-11-08,113,67
2022-11-09,74,47
2022-11-10,97,57
2022-11-11,113,74
2022-11-12,89,46
2022-11-13,81,57
2022-11-14,75,44
2022-11-15,82,50
2022-11-16,99,51
2022-11-17,103,67
2022-11-18,94,52
2022-11-19,81,54
2022-11-20,97,61
2022-11-21,67,44
2022-11-22,84,53
2022-11-23,95,50
2022-11-24,82,52
2022-11-25,98,64
2022-11-26,79,45
2022-11-27,83,55
2022-11-28,99,57
2022-11-29,102,55
2022-11-30,92,58
2022-12-01,94,63
2022-12-02,90,59
2022-12-03,96,61
2022-12-04,81,48
2022-12-05,85,50
2022-12-06,92,51
2022-12-07,87,53
2022-12-08,83,52
2022-12-09,86,49
2022-12-10,98,56
2022-12-11,79,48
2022-12-12,89,54
2022-12-13,101,65
2022-12-14,88,51
2022-12-15,91,57
2022-12-16,88,53
2022-12-17,97,59
2022-12-18,105,65
2022-12-19,73,40
2022-12-20,93,60
2022-12-21,87,56
2022-12-22,101,72
2022-12-23,84,51
2022-12-24,99,63
2022-12-25,95,58
2022-12-26,87,59
2022-12-27,90,54
2022-12-28,87,55
2022-12-29,72,43
2022-12-30,100,59
2022-12-31,102,61
2023-01-01,89,50
2023-01-02,92,55
2023-01-03,96,58
2023-01-04,95,57
2023-01-05,90,55
2023-01-06,75,45
2023-01-07,93,58
2023-01-08,88,51
2023-01-09,93,61
2023-01-10,106,58
2023-01-11,71,36
2023-01-12,78,46
2023-01-13,70,40
2023-01-14,91,56
2023-01-15,86,40
2023-01-16,85,50
2023-01-17,86,57
2023-01-18,94,60
2023-01-19,91,51
2023-01-20,88,58
2023-01-21,96,55
2023-01-22,98,61
2023-01-23,84,57
2023-01-24,104,53
2023-01-25,112,72
2023-01-26,83,51
2023-01-27,86,53
2023-01-28,102,61
2023-01-29,91,56
2023-01-30,83,56
2023-01-31,106,63
2023-02-01,88,55
2023-02-02,88,59
2023-02-03,107,64
2023-02-04,97,67
2023-02-05,74,42
2023-02-06,97,60
2023-02-07,101,61
2023-02-08,104,66
2023-02-09,94,48
2023-02-10,70,42
2023-02-11,89,53
2023-02-12,108,63
2023-02-13,100,63
2023-02-14,90,56
2023-02-15,80,46
2023-02-16,122,72
2023-02-17,97,54
2023-02-18,80,45
2023-02-19,82,47
2023-02-20,92,49
2023-02-21,81,42
2023-02-22,119,76
2023-02-23,107,58
2023-02-24,113,72
2023-02-25,90,47
2023-02-26,104,64
2023-02-27,92,64
2023-02-28,91,51
2023-03-01,94,61
2023-03-02,82,54
2023-03-03,93,55
2023-03-04,93,54
2023-03-05,110,75
2023-03-06,105,57
2023-03-07,106,65
2023-03-08,92,55
2023-03-09,101,60
2023-03-10,83,47
2023-03-11,110,69
2023-03-12,90,54
2023-03-13,81,47
2023-03-14,109,63
2023-03-15,103,64
2023-03-16,91,53
2023-03-17,101,60
2023-03-18,105,63
2023-03-19,98,62
2023-03-20,87,52
2023-03-21,88,50
2023-03-22,90,55
2023-03-23,90,58
2023-03-24,90,54
2023-03-25,107,64
2023-03-26,92,61
2023-03-27,107,66
2023-03-28,86,57
2023-03-29,95,49
2023-03-30,102,65
2023-03-31,101,63
2023-04-01,110,61
2023-04-02,89,60
2023-04-03,79,43
2023-04-04,97,53
2023-04-05,90,54
2023-04-06,119,71
2023-04-07,115,69
2023-04-08,115,68
2023-04-09,107,71
2023-04-10,112,67
2023-04-11,124,66
2023-04-12,108,72
2023-04-13,104,61
2023-04-14,99,62
2023-04-15,92,58
2023-04-16,110,65
2023-04-17,82,48
2023-04-18,106,65
2023-04-19,95,55
2023-04-20,129,85
2023-04-21,95,51
2023-04-22,117,71
2023-04-23,92,53
2023-04-24,108,65
2023-04-25,93,64
2023-04-26,93,56
2023-04-27,100,59
2023-04-28,94,51
2023-04-29,104,66
2023-04-30,93,61
2023-05-01,109,64
2023-05-02,104,57
2023-05-03,107,69
2023-05-04,105,62
2023-05-05,80,49
2023-05-06,112,64
2023-05-07,104,57
2023-05-08,104,59
2023-05-09,108,69
2023-05-10,98,56
2023-05-11,115,70
2023-05-12,119,81
2023-05-13,98,60
2023-05-14,103,63
2023-05-15,113,70
2023-05-16,109,60
2023-05-17,96,58
2023-05-18,102,58
2023-05-19,111,73
2023-05-20,121,84
2023-05-21,86,55
2023-05-22,90,54
2023-05-23,106,62
2023-05-24,107,68
2023-05-25,114,71
2023-05-26,102,59
2023-05-27,114,69
2023-05-28,127,73
2023-05-29,94,56
2023-05-30,109,71
2023-05-31,105,59
2023-06-01,108,71
2023-06-02,97,50
2023-06-03,138,82
2023-06-04,93,62
2023-06-05,110,66
2023-06-06,100,53
2023-06-07,116,70
2023-06-08,90,46
2023-06-09,105,62
2023-06-10,107,61
2023-06-11,125,77
2023-06-12,120,71
2023-06-13,102,57
2023-06-14,78,41
2023-06-15,90,53
2023-06-16,75,51
2023-06-17,103,68
2023-06-18,95,51
2023-06-19,113,71
2023-06-20,107,52
2023-06-21,101,62
2023-06-22,96,53
2023-06-23,108,64
2023-06-24,128,81
2023-06-25,85,48
2023-06-26,116,72
2023-06-27,94,56
2023-06-28,106,64
2023-06-29,103,63
2023-06-30,125,69
2023-07-01,125,71
2023-07-02,92,59
2023-07-03,83,50
2023-07-04,99,64
2023-07-05,125,82
2023-07-06,120,71
2023-07-07,123,78
2023-07-08,94,61
2023-07-09,91,61
2023-07-10,101,61
2023-07-11,97,62
2023-07-12,95,54
2023-07-13,110,70
2023-07-14,114,69
2023-07-15,110,70
2023-07-16,108,64
2023-07-17,95,55
2023-07-18,108,67
2023-07-19,113,65
2023-07-20,117,72
2023-07-21,99,64
2023-07-22,102,63
2023-07-23,94,53
2023-07-24,87,61
2023-07-25,99,59
2023-07-26,111,68
2023-07-27,89,53
2023-07-28,111,71
2023-07-29,97,60
2023-07-30,117,68
2023-07-31,112,71
2023-08-01,118,78
2023-08-02,113,75
2023-08-03,106,56
2023-08-04,97,62
2023-08-05,101,57
2023-08-06,108,70
2023-08-07,105,61
2023-08-08,95,56
2023-08-09,107,60
2023-08-10,108,63
2023-08-11,105,63
2023-08-12,114,75
2023-08-13,116,65
2023-08-14,105,65
2023-08-15,90,46
2023-08-16,108,61
2023-08-17,99,70
2023-08-18,108,58
2023-08-19,107,65
2023-08-20,104,59
2023-08-21,124,74
2023-08-22,95,59
2023-08-23,108,59
2023-08-24,110,71
2023-08-25,99,50
2023-08-26,117,78
2023-08-27,90,46
2023-08-28,104,63
2023-08-29,108,72
2023-08-30,100,59
2023-08-31,99,58
2023-09-01,112,62
2023-09-02,92,47
2023-09-03,96,63
2023-09-04,104,69
2023-09-05,116,60
2023-09-06,109,70
2023-09-07,104,62
2023-09-08,101,64
2023-09-09,106,66
2023-09-10,101,66
2023-09-11,98,48
2023-09-12,91,48
2023-09-13,105,68
2023-09-14,121,76
2023-09-15,104,60
2023-09-16,102,60
2023-09-17,77,51
2023-09-18,104,64
2023-09-19,107,66
2023-09-20,101,59
2023-09-21,100,59
2023-09-22,130,87
2023-09-23,89,53
2023-09-24,109,59
2023-09-25,107,65
2023-09-26,102,62
2023-09-27,107,63
2023-09-28,114,72
2023-09-29,109,68
2023-09-30,121,66
2023-10-01,107,62
2023-10-02,114,67
2023-10-03,108,68
2023-10-04,113,66
2023-10-05,103,62
2023-10-06,108,72
2023-10-07,84,44
2023-10-08,108,73
2023-10-09,105,65
2023-10-10,116,76
2023-10-11,93,56
2023-10-12,130,79
2023-10-13,117,64
2023-10-14,102,59
2023-10-15,95,60
2023-10-16,97,52
2023-10-17,95,60
2023-10-18,99,63
2023-10-19,101,58
2023-10-20,109,68
2023-10-21,93,55
2023-10-22,86,43
2023-10-23,90,55
2023-10-24,99,61
2023-10-25,104,59
2023-10-26,94,67
2023-10-27,93,50
2023-10-28,73,40
2023-10-29,114,66
2023-10-30,115,72
2023-10-31,93,56
2023-11-01,87,57
2023-11-02,100,64
2023-11-03,102,70
2023-11-04,69,35
2023-11-05,65,41
2023-11-06,76,50
2023-11-07,60,27
2023-11-08,65,39
2023-11-09,100,57
2023-11-10,97,54
2023-11-11,103,69
2023-11-12,110,68
2023-11-13,106,64
2023-11-14,87,55
2023-11-15,96,57
2023-11-16,68,34
2023-11-17,85,48
2023-11-18,94,61
2023-11-19,96,47
2023-11-20,95,63
2023-11-21,88,53
2023-11-22,80,46
2023-11-23,95,52
2023-11-24,89,56
2023-11-25,73,45
2023-11-26,70,50
2023-11-27,88,57
2023-11-28,83,51
2023-11-29,90,45
2023-11-30,79,53
2023-12-01,77,46
2023-12-02,90,49
2023-12-03,96,60
2023-12-04,92,51
2023-12-05,96,61
2023-12-06,91,56
2023-12-07,91,51
2023-12-08,91,64
2023-12-09,93,57
2023-12-10,96,65
2023-12-11,89,56
2023-12-12,83,46
2023-12-13,101,53
2023-12-14,91,49
2023-12-15,92,62
2023-12-16,92,53
2023-12-17,89,60
2023-12-18,75,45
2023-12-19,108,67
2023-12-20,87,51
2023-12-21,104,64
2023-12-22,88,53
2023-12-23,85,59
2023-12-24,88,48
2023-12-25,97,58
2023-12-26,92,63
2023-12-27,84,50
2023-12-28,100,60
2023-12-29,107,65
2023-12-30,83,48
2023-12-31,74,49
2024-01-01,81,54
2024-01-02,86,55
2024-01-03,88,48
2024-01-04,103,59
2024-01-05,90,57
2024-01-06,86,54
2024-01-07,85,53
2024-01-08,80,50
2024-01-09,64,46
2024-01-10,97,53
2024-01-11,91,60
2024-01-12,95,57
2024-01-13,92,61
2024-01-14,94,56
2024-01-15,104,67
2024-01-16,93,60
2024-01-17,93,56
2024-01-18,83,50
2024-01-19,85,52
2024-01-20,97,52
2024-01-21,87,54
2024-01-22,92,53
2024-01-23,98,49
2024-01-24,95,59
2024-01-25,81,50
2024-01-26,97,64
2024-01-27,85,52
2024-01-28,103,53
2024-01-29,80,45
2024-01-30,72,45
2024-01-31,88,61
2024-02-01,100,61
2024-02-02,87,49
2024-02-03,94,51
2024-02-04,78,43
2024-02-05,77,50
2024-02-06,86,45
2024-02-07,111,65
2024-02-08,88,56
2024-02-09,94,51
2024-02-10,102,57
2024-02-11,95,58
2024-02-12,98,69
2024-02-13,82,46
2024-02-14,104,68
2024-02-15,110,65
2024-02-16,106,68
2024-02-17,88,59
2024-02-18,82,42
2024-02-19,82,52
2024-02-20,87,50
2024-02-21,92,56
2024-02-22,75,45
2024-02-23,99,54
2024-02-24,93,59
2024-02-25,103,61
2024-02-26,91,52
2024-02-27,93,56
2024-02-28,92,53
2024-02-29,89,51
2024-03-01,87,46
2024-03-02,74,40
2024-03-03,104,56
2024-03-04,108,77
2024-03-05,94,57
2024-03-06,73,40
2024-03-07,105,54
2024-03-08,120,77
2024-03-09,98,58
2024-03-10,88,53
2024-03-11,113,67
2024-03-12,109,66
2024-03-13,95,51
2024-03-14,122,72
2024-03-15,106,61
2024-03-16,123,75
2024-03-17,100,63
2024-03-18,110,63
2024-03-19,106,51
2024-03-20,123,73
2024-03-21,112,68
2024-03-22,104,61
2024-03-23,104,55
2024-03-24,85,52
2024-03-25,93,54
2024-03-26,92,53
2024-03-27,95,61
2024-03-28,86,50
2024-03-29,95,60
2024-03-30,99,57
2024-03-31,103,67
2024-04-01,101,59
2024-04-02,114,65
2024-04-03,111,58
2024-04-04,106,70
2024-04-05,107,57
2024-04-06,121,67
2024-04-07,100,59
2024-04-08,112,64
2024-04-09,110,68
2024-04-10,107,62
2024-04-11,95,60
2024-04-12,107,58
2024-04-13,119,74
2024-04-14,97,65
2024-04-15,94,54
2024-04-16,84,52
2024-04-17,78,49
2024-04-18,82,50
2024-04-19,112,72
2024-04-20,94,57
2024-04-21,111,73
2024-04-22,108,69
2024-04-23,106,62
2024-04-24,103,56
2024-04-25,91,52
2024-04-26,91,47
2024-04-27,105,71
2024-04-28,93,58
2024-04-29,91,50
2024-04-30,119,74
2024-05-01,103,62
2024-05-02,71,43
2024-05-03,93,53
2024-05-04,118,76
2024-05-05,104,65
2024-05-06,102,60
2024-05-07,104,67
2024-05-08,101,54
2024-05-09,102,59
2024-05-10,96,53
2024-05-11,120,70
2024-05-12,103,58
2024-05-13,125,74
2024-05-14,99,64
2024-05-15,112,64
2024-05-16,109,66
2024-05-17,100,55
2024-05-18,113,56
2024-05-19,108,66
2024-05-20,103,59
2024-05-21,98,64
2024-05-22,111,63
2024-05-23,109,68
2024-05-24,120,67
2024-05-25,106,66
2024-05-26,115,70
2024-05-27,103,62
2024-05-28,116,69
2024-05-29,108,59
2024-05-30,101,57
2024-05-31,96,57
2024-06-01,102,62
2024-06-02,117,81
2024-06-03,104,60
2024-06-04,102,61
2024-06-05,107,59
2024-06-06,120,57
2024-06-07,102,63
2024-06-08,99,66
2024-06-09,112,76
2024-06-10,112,65
2024-06-11,111,66
2024-06-12,114,58
2024-06-13,113,57
2024-06-14,98,58
2024-06-15,116,67
2024-06-16,92,54
2024-06-17,97,62
2024-06-18,99,52
2024-06-19,108,65
2024-06-20,103,61
2024-06-21,89,56
2024-06-22,101,54
2024-06-23,100,56
2024-06-24,112,65
2024-06-25,115,69
2024-06-26,98,57
2024-06-27,118,80
2024-06-28,87,53
2024-06-29,99,53
2024-06-30,99,62
2024-07-01,95,44
2024-07-02,131,76
2024-07-03,104,64
2024-07-04,108,72
2024-07-05,94,53
2024-07-06,104,59
2024-07-07,106,69
2024-07-08,106,65
2024-07-09,124,71
2024-07-10,93,59
2024-07-11,127,70
2024-07-12,99,59
2024-07-13,114,64
2024-07-14,108,69
2024-07-15,95,63
2024-07-16,106,64
2024-07-17,119,68
2024-07-18,96,55
2024-07-19,96,59
2024-07-20,96,59
2024-07-21,105,60
2024-07-22,89,53
2024-07-23,106,59
2024-07-24,97,62
2024-07-25,114,71
2024-07-26,80,44
2024-07-27,104,67
2024-07-28,102,57
2024-07-29,109,67
2024-07-30,91,46
2024-07-31,90,63
2024-08-01,105,50
2024-08-02,100,61
2024-08-03,112,64
2024-08-04,97,58
2024-08-05,100,56
2024-08-06,94,59
2024-08-07,97,59
2024-08-08,97,67
2024-08-09,97,58
2024-08-10,117,70
2024-08-11,98,54
2024-08-12,108,67
2024-08-13,93,57
2024-08-14,98,52
2024-08-15,73,49
2024-08-16,87,48
2024-08-17,72,46
2024-08-18,76,50
2024-08-19,99,53
2024-08-20,76,47
2024-08-21,98,53
2024-08-22,97,48
2024-08-23,106,50
2024-08-24,120,78
2024-08-25,101,58
2024-08-26,119,63
2024-08-27,115,75
2024-08-28,132,81
2024-08-29,107,66
2024-08-30,106,62
2024-08-31,89,58
2024-09-01,95,50
2024-09-02,98,55
2024-09-03,128,83
2024-09-04,118,74
2024-09-05,101,62
2024-09-06,111,60
2024-09-07,111,67
2024-09-08,95,51
2024-09-09,107,66
2024-09-10,116,67
2024-09-11,96,56
2024-09-12,111,66
2024-09-13,116,63
2024-09-14,116,67
2024-09-15,109,57
2024-09-16,97,55
2024-09-17,110,61
2024-09-18,121,73
2024-09-19,102,63
2024-09-20,102,56
2024-09-21,106,60
2024-09-22,117,62
2024-09-23,124,75
2024-09-24,105,63
2024-09-25,107,66
2024-09-26,98,56
2024-09-27,114,52
2024-09-28,122,68
2024-09-29,91,53
2024-09-30,85,48
2024-10-01,103,59
2024-10-02,129,68
2024-10-03,92,53
2024-10-04,100,62
2024-10-05,95,53
2024-10-06,84,47
2024-10-07,122,73
2024-10-08,110,69
2024-10-09,105,56
2024-10-10,117,65
2024-10-11,102,63
2024-10-12,116,68
2024-10-13,110,63
2024-10-14,90,55
2024-10-15,104,65
2024-10-16,90,56
2024-10-17,116,65
2024-10-18,111,65
2024-10-19,101,57
2024-10-20,103,53
2024-10-21,78,46
2024-10-22,95,51
2024-10-23,88,41
2024-10-24,105,56
2024-10-25,106,63
2024-10-26,101,47
2024-10-27,101,57
2024-10-28,78,48
2024-10-29,81,40
2024-10-30,97,56
2024-10-31,88,45
2024-11-01,109,63
2024-11-02,94,58
2024-11-03,107,67
2024-11-04,114,63
2024-11-05,117,67
2024-11-06,95,56
2024-11-07,112,59
2024-11-08,105,60
2024-11-09,102,59
2024-11-10,106,55
2024-11-11,99,61
2024-11-12,77,41
2024-11-13,93,49
2024-11-14,96,56
2024-11-15,94,58
2024-11-16,95,53
2024-11-17,89,43
2024-11-18,106,69
2024-11-19,89,49
2024-11-20,104,62
2024-11-21,101,49
2024-11-22,88,45
2024-11-23,77,43
2024-11-24,80,48
2024-11-25,87,48
2024-11-26,92,50
2024-11-27,86,53
2024-11-28,100,61
2024-11-29,64,41
2024-11-30,93,45
2024-12-01,66,40
2024-12-02,73,43
2024-12-03,59,28
2024-12-04,88,49
2024-12-05,101,56
2024-12-06,91,52
2024-12-07,91,58
2024-12-08,86,53
2024-12-09,84,39
2024-12-10,83,50
2024-12-11,96,50
2024-12-12,98,56
2024-12-13,94,54
2024-12-14,92,58
2024-12-15,82,43
2024-12-16,71,45
2024-12-17,75,38
2024-12-18,103,61
2024-12-19,90,50
2024-12-20,78,52
2024-12-21,85,48
2024-12-22,60,32
2024-12-23,57,30
2024-12-24,78,41
2024-12-25,87,40
2024-12-26,74,40
2024-12-27,75,43
2024-12-28,65,30
2024-12-29,61,41
2024-12-30,91,43
2024-12-31,81,44
2025-01-01,79,46
2025-01-02,63,35
2025-01-03,78,44
2025-01-04,80,42
2025-01-05,63,41
2025-01-06,65,32
2025-01-07,71,40
2025-01-08,69,30
2025-01-09,74,41
2025-01-10,71,40
2025-01-11,90,57
2025-01-12,87,53
2025-01-13,70,40
2025-01-14,65,31
2025-01-15,78,39
2025-01-16,90,51
2025-01-17,75,46
2025-01-18,69,40
2025-01-19,70,36
2025-01-20,87,53
2025-01-21,83,42
2025-01-22,74,49
2025-01-23,66,41
2025-01-24,76,38
2025-01-25,93,57
2025-01-26,82,52
2025-01-27,77,44
2025-01-28,74,42
2025-01-29,88,48
2025-01-30,87,41
2025-01-31,84,48
2025-02-01,71,41
2025-02-02,69,46
2025-02-03,83,49
2025-02-04,78,49
2025-02-05,73,43
2025-02-06,85,38
2025-02-07,68,40
2025-02-08,71,39
2025-02-09,86,52
2025-02-10,75,48
2025-02-11,95,48
2025-02-12,98,59
2025-02-13,123,61
2025-02-14,78,49
2025-02-15,97,57
2025-02-16,81,49
2025-02-17,87,48
2025-02-18,101,50
2025-02-19,96,58
2025-02-20,91,58
2025-02-21,93,51
2025-02-22,116,68
2025-02-23,85,46
2025-02-24,97,57
2025-02-25,65,40
2025-02-26,45,27
2025-02-27,81,42
2025-02-28,65,41
2025-03-01,89,50
2025-03-02,62,34
2025-03-03,95,65
2025-03-04,94,46
2025-03-05,87,48
2025-03-06,104,66
2025-03-07,97,62
2025-03-08,109,70
2025-03-09,80,49
2025-03-10,94,50
2025-03-11,86,50
2025-03-12,116,72
2025-03-13,106,60
2025-03-14,104,52
2025-03-15,81,45
2025-03-16,126,66
2025-03-17,76,41
2025-03-18,107,60
2025-03-19,107,61
2025-03-20,116,72
2025-03-21,92,56
2025-03-22,83,51
2025-03-23,99,51
2025-03-24,80,45
2025-03-25,60,36
2025-03-26,71,36
2025-03-27,85,41
2025-03-28,112,66
2025-03-29,114,74
2025-03-30,98,67
2025-03-31,105,54
2025-04-01,109,59
2025-04-02,120,68
2025-04-03,118,76
2025-04-04,111,63
2025-04-05,104,57
2025-04-06,112,63
2025-04-07,95,58
2025-04-08,121,74
2025-04-09,114,60
2025-04-10,101,55
2025-04-11,107,58
2025-04-12,93,47
2025-04-13,103,66
2025-04-14,103,53
2025-04-15,128,78
2025-04-16,103,63
2025-04-17,71,40
2025-04-18,67,34
2025-04-19,88,50
2025-04-20,89,51
2025-04-21,107,66
2025-04-22,128,64
2025-04-23,108,65
2025-04-24,114,60
2025-04-25,121,69
2025-04-26,117,75
2025-04-27,106,65
2025-04-28,105,64
2025-04-29,100,52
2025-04-30,115,62
2025-05-01,99,61
2025-05-02,96,59
2025-05-03,95,52
2025-05-04,87,54
2025-05-05,117,73
2025-05-06,123,64
2025-05-07,84,46
2025-05-08,96,46
2025-05-09,97,60
2025-05-10,113,68
2025-05-11,107,69
2025-05-12,110,66
2025-05-13,108,64
2025-05-14,115,64
2025-05-15,119,70
2025-05-16,100,51
2025-05-17,110,61
2025-05-18,115,67
2025-05-19,109,65
2025-05-20,121,65
2025-05-21,112,64
2025-05-22,98,57
2025-05-23,122,69
2025-05-24,98,51
2025-05-25,111,59
2025-05-26,115,52
2025-05-27,101,54
2025-05-28,91,52
2025-05-29,128,79
2025-05-30,105,67
2025-05-31,101,55
2025-06-01,99,50
2025-06-02,118,66
2025-06-03,92,53
2025-06-04,116,70
2025-06-05,97,56
2025-06-06,96,59
2025-06-07,93,54
2025-06-08,119,68
2025-06-09,131,68
2025-06-10,124,61
2025-06-11,101,52
2025-06-12,106,67
2025-06-13,118,67
2025-06-14,106,57
2025-06-15,107,64
2025-06-16,103,54
2025-06-17,86,49
2025-06-18,123,65
2025-06-19,95,53
2025-06-20,93,51
2025-06-21,120,70
2025-06-22,97,59
2025-06-23,87,39
2025-06-24,113,72
2025-06-25,105,65
2025-06-26,84,46
2025-06-27,116,69
2025-06-28,113,60
2025-06-29,117,64
2025-06-30,103,56
2025-07-01,103,48
2025-07-02,103,64
2025-07-03,99,57
2025-07-04,121,72
2025-07-05,105,67
2025-07-06,81,48
2025-07-07,90,44
2025-07-08,96,47
2025-07-09,90,56
2025-07-10,103,60
2025-07-11,91,61
2025-07-12,109,61
2025-07-13,89,52
2025-07-14,110,62
2025-07-15,114,54
2025-07-16,109,65
2025-07-17,113,63
2025-07-18,96,51
2025-07-19,96,59
2025-07-20,107,59
2025-07-21,90,47
2025-07-22,106,51
2025-07-23,109,62
2025-07-24,92,50
2025-07-25,99,59
2025-07-26,90,57
2025-07-27,102,58
2025-07-28,102,61
2025-07-29,93,50
2025-07-30,108,61
2025-07-31,105,58
2025-08-01,97,62
2025-08-02,111,63
2025-08-03,102,60
2025-08-04,77,43
2025-08-05,122,62
2025-08-06,86,39
2025-08-07,103,58
2025-08-08,93,57
2025-08-09,91,53
2025-08-10,104,61
2025-08-11,115,63
2025-08-12,120,63
2025-08-13,120,71
2025-08-14,99,56
2025-08-15,93,58
2025-08-16,103,55
2025-08-17,126,73
2025-08-18,94,49
2025-08-19,114,58
2025-08-20,101,63
2025-08-21,84,46
2025-08-22,114,74
2025-08-23,97,58
2025-08-24,113,65
2025-08-25,99,57
2025-08-26,95,46
2025-08-27,119,61
2025-08-28,111,65
2025-08-29,100,53
2025-08-30,115,72
2025-08-31,110,64
2025-09-01,115,68
2025-09-02,86,52
2025-09-03,115,53
2025-09-04,94,60
2025-09-05,125,74
2025-09-06,104,65
2025-09-07,97,52
2025-09-08,92,54
2025-09-09,111,57
2025-09-10,95,49
2025-09-11,93,39
2025-09-12,87,57
2025-09-13,80,44
2025-09-14,94,60
2025-09-15,81,43
2025-09-16,109,66
2025-09-17,107,59
2025-09-18,117,69
2025-09-19,99,51
2025-09-20,90,61
2025-09-21,91,61
2025-09-22,91,48
2025-09-23,107,62
2025-09-24,88,54
2025-09-25,88,45
2025-09-26,99,53
2025-09-27,109,66
2025-09-28,120,72
2025-09-29,126,70
2025-09-30,103,56
2025-10-01,114,67
2025-10-02,94,57
2025-10-03,113,58
2025-10-04,117,72
2025-10-05,104,61
2025-10-06,93,52
2025-10-07,123,67
2025-10-08,79,37
2025-10-09,77,44
2025-10-10,84,43
2025-10-11,91,49
2025-10-12,83,45
2025-10-13,100,54
2025-10-14,119,62
2025-10-15,81,49
2025-10-16,66,40
2025-10-17,81,36
2025-10-18,71,38
2025-10-19,101,59
2025-10-20,80,49
2025-10-21,114,59
2025-10-22,113,65
2025-10-23,97,53
2025-10-24,99,59
2025-10-25,96,57
2025-10-26,88,49
2025-10-27,101,50
2025-10-28,109,60
2025-10-29,115,71
2025-10-30,95,46
2025-10-31,88,48
2025-11-01,74,41
2025-11-02,65,41
2025-11-03,66,37
2025-11-04,87,54
2025-11-05,94,57
2025-11-06,76,47
2025-11-07,79,35
2025-11-08,98,57
2025-11-09,75,45
2025-11-10,70,40
2025-11-11,108,67
2025-11-12,89,52
2025-11-13,104,54
2025-11-14,87,52
2025-11-15,85,44
2025-11-16,76,38
2025-11-17,80,44
2025-11-18,103,55
2025-11-19,88,52
2025-11-20,99,67
2025-11-21,87,57
2025-11-22,89,45
2025-11-23,87,49
2025-11-24,75,46
2025-11-25,87,51
2025-11-26,55,31
2025-11-27,67,35
2025-11-28,58,30
2025-11-29,67,35
2025-11-30,65,41
2025-12-01,78,40
2025-12-02,73,36
2025-12-03,59,30
2025-12-04,59,42
2025-12-05,50,31
2025-12-06,71,41
2025-12-07,69,46
2025-12-08,62,31
2025-12-09,97,46
2025-12-10,53,32
2025-12-11,59,35
2025-12-12,51,29
2025-12-13,57,31
2025-12-14,62,42
2025-12-15,68,29
2025-12-16,75,46
2025-12-17,59,38
2025-12-18,70,40
2025-12-19,52,29
2025-12-20,57,26
2025-12-21,57,30
2025-12-22,58,31
2025-12-23,74,36
2025-12-24,75,32
2025-12-25,85,48
2025-12-26,76,46
2025-12-27,79,49
2025-12-28,75,36
2025-12-29,70,38
2025-12-30,74,40
2025-12-31,86,55
2026-01-01,68,33
2026-01-02,65,33
2026-01-03,69,41
2026-01-04,71,35
2026-01-05,64,36
2026-01-06,82,40
2026-01-07,84,47
2026-01-08,70,40
2026-01-09,90,50
2026-01-10,77,41
2026-01-11,77,39
2026-01-12,71,44
2026-01-13,63,31
2026-01-14,78,42
2026-01-15,73,41
2026-01-16,75,40
2026-01-17,55,31
2026-01-18,72,29
2026-01-19,78,41
2026-01-20,85,47
2026-01-21,73,42
2026-01-22,68,36
2026-01-23,62,29
2026-01-24,63,31
2026-01-25,90,59
2026-01-26,54,28
2026-01-27,79,42
2026-01-28,67,40
2026-01-29,86,48
2026-01-30,86,48
2026-01-31,100,56
2026-02-01,80,37
2026-02-02,90,55
2026-02-03,83,45
2026-02-04,77,43
2026-02-05,89,46
2026-02-06,82,50
2026-02-07,90,48
2026-02-08,90,49
2026-02-09,66,41
2026-02-10,95,59
2026-02-11,82,46
2026-02-12,119,55
2026-02-13,110,64
2026-02-14,99,58
2026-02-15,87,50
2026-02-16,95,60
2026-02-17,91,43
2026-02-18,113,52
2026-02-19,115,62
2026-02-20,90,54
2026-02-21,94,54
2026-02-22,129,72
2026-02-23,103,62
2026-02-24,107,55
2026-02-25,109,58
2026-02-26,102,53
2026-02-27,95,53
2026-02-28,76,44
2026-03-01,17,7
2026-03-02,4,2
2026-03-03,5,2
2026-03-04,3,0
2026-03-05,4,1
2026-03-06,5,0
2026-03-07,7,2
2026-03-08,6,1
2026-03-09,9,6
2026-03-10,4,1
2026-03-11,5,1
2026-03-12,8,3
2026-03-13,3,3
2026-03-14,3,1
2026-03-15,9,5
2026-03-16,4,0
2026-03-17,2,1
2026-03-18,1,0
2026-03-19,3,1
2026-03-20,6,3
2026-03-21,0,0
2026-03-22,3,0
2026-03-23,4,2
2026-03-24,2,1
2026-03-25,1,1
2026-03-26,5,0
2026-03-27,3,0
2026-03-28,4,0
2026-03-29,5,2
2026-03-30,17,12
2026-03-31,6,2
2026-04-01,6,0
2026-04-02,6,2
2026-04-03,5,4
2026-04-04,10,2
2026-04-05,9,7
2026-04-06,5,1
2026-04-07,4,3
2026-04-08,4,0
2026-04-09,9,4
2026-04-10,5,1
2026-04-11,11,5
2026-04-12,8,3
2026-04-13,11,4
2026-04-14,10,3
2026-04-15,10,4
2026-04-16,6,3
2026-04-17,14,4
2026-04-18,29,16
2026-04-19,4,2
